order_id,customer_id,product_id,order_date,quantity,unit_price,order_status,revenue
O00001,C384,P002,2026-03-21,1,2814.37,Completed,2814.37
O00002,C122,P021,2026-03-25,4,3572.03,Pending,14288.12
O00003,C091,P018,2026-07-31,2,2068.89,Completed,4137.78
O00004,C013,P039,2026-04-02,2,610.99,Completed,1221.98
O00005,C378,P015,2026-06-20,2,639.35,Completed,1278.7
O00006,C211,P018,2026-05-08,3,2068.89,Completed,6206.67
O00007,C137,P031,2026-03-23,2,1648.21,Completed,3296.42
O00008,C360,P035,2026-02-25,1,6423.94,Completed,6423.94
O00009,C196,P009,2026-01-20,1,2813.88,Completed,2813.88
O00010,C241,P027,2026-04-24,1,2263.36,Completed,2263.36
O00011,C103,P010,2026-08-24,2,1739.65,Completed,3479.3
O00012,C180,P020,2026-06-06,4,1820.46,Completed,7281.84
O00013,C117,P011,2026-04-25,2,918.48,Completed,1836.96
O00014,C013,P033,2026-04-09,1,2896.4,Completed,2896.4
O00015,C205,P004,2026-06-18,1,5723.82,Completed,5723.82
O00016,C143,P029,2026-02-05,1,1836.7,Completed,1836.7
O00017,C396,P019,2026-05-23,1,849.29,Completed,849.29
O00018,C180,P029,2026-09-18,2,1836.7,Completed,3673.4
O00019,C205,P027,2026-06-19,2,2263.36,Completed,4526.72
O00020,C015,P017,2026-03-01,1,6203.54,Pending,6203.54
O00021,C134,P016,2026-04-02,2,1011.57,Completed,2023.14
O00022,C298,P015,2026-05-16,1,639.35,Completed,639.35
O00023,C020,P017,2026-02-25,1,6203.54,Completed,6203.54
O00024,C306,P009,2026-08-11,1,2813.88,Completed,2813.88
O00025,C177,P012,2026-06-10,2,2085.26,Completed,4170.52
O00026,C224,P010,2026-09-19,3,1739.65,Completed,5218.95
O00027,C060,P009,2026-07-17,2,2813.88,Cancelled,5627.76
O00028,C296,P013,2026-04-08,1,4011.81,Completed,4011.81
O00029,C131,P003,2026-01-23,1,1604.77,Completed,1604.77
O00030,C363,P027,2026-08-12,1,2263.36,Completed,2263.36
O00031,C001,P004,2026-09-24,2,5723.82,Completed,11447.64
O00032,C276,P034,2026-04-11,1,5352.74,Completed,5352.74
O00033,C187,P027,2026-08-09,3,2263.36,Completed,6790.08
O00034,C036,P018,2026-06-19,1,2068.89,Completed,2068.89
O00035,C320,P038,2026-06-10,1,3361.83,Completed,3361.83
O00036,C340,P036,2026-03-05,1,1134.61,Completed,1134.61
O00037,C369,P029,2026-06-03,1,1836.7,Completed,1836.7
O00038,C260,P010,2026-06-08,1,1739.65,Completed,1739.65
O00039,C342,P037,2026-07-29,1,5429.68,Completed,5429.68
O00040,C168,P016,2026-07-26,3,1011.57,Completed,3034.71
O00041,C357,P020,2026-06-01,1,1820.46,Completed,1820.46
O00042,C284,P035,2026-03-07,1,6423.94,Completed,6423.94
O00043,C099,P022,2026-08-04,1,5974.06,Cancelled,5974.06
O00044,C341,P013,2026-07-14,1,4011.81,Completed,4011.81
O00045,C347,P031,2026-03-31,1,1648.21,Pending,1648.21
O00046,C316,P011,2026-06-04,1,918.48,Completed,918.48
O00047,C208,P039,2026-01-01,1,610.99,Pending,610.99
O00048,C156,P001,2026-05-27,1,4773.29,Completed,4773.29
O00049,C108,P037,2026-08-09,2,5429.68,Cancelled,10859.36
O00050,C297,P006,2026-06-14,1,6325.48,Completed,6325.48
O00051,C239,P036,2026-08-15,2,1134.61,Completed,2269.22
O00052,C227,P018,2026-04-20,1,2068.89,Pending,2068.89
O00053,C262,P010,2026-08-31,3,1739.65,Completed,5218.95
O00054,C377,P005,2026-03-28,1,2624.22,Completed,2624.22
O00055,C338,P030,2026-02-13,1,2586.92,Completed,2586.92
O00056,C146,P025,2026-09-21,2,1054.56,Completed,2109.12
O00057,C340,P015,2026-06-21,2,639.35,Completed,1278.7
O00058,C048,P028,2026-05-01,2,3265.62,Completed,6531.24
O00059,C345,P034,2026-06-08,4,5352.74,Completed,21410.96
O00060,C116,P014,2026-04-12,4,3682.56,Completed,14730.24
O00061,C076,P018,2026-01-13,1,2068.89,Completed,2068.89
O00062,C024,P011,2026-05-06,2,918.48,Completed,1836.96
O00063,C244,P025,2026-02-07,1,1054.56,Completed,1054.56
O00064,C234,P011,2026-08-01,1,918.48,Completed,918.48
O00065,C323,P038,2026-04-10,2,3361.83,Completed,6723.66
O00066,C368,P035,2026-07-16,2,6423.94,Completed,12847.88
O00067,C254,P035,2026-07-24,2,6423.94,Completed,12847.88
O00068,C125,P036,2026-03-17,1,1134.61,Cancelled,1134.61
O00069,C336,P013,2026-01-03,3,4011.81,Completed,12035.43
O00070,C385,P037,2026-02-24,3,5429.68,Completed,16289.04
O00071,C399,P037,2026-08-06,2,5429.68,Completed,10859.36
O00072,C113,P016,2026-04-01,1,1011.57,Completed,1011.57
O00073,C357,P021,2026-09-23,1,3572.03,Completed,3572.03
O00074,C238,P029,2026-01-26,1,1836.7,Cancelled,1836.7
O00075,C286,P002,2026-05-08,1,2814.37,Completed,2814.37
O00076,C063,P005,2026-08-22,1,2624.22,Completed,2624.22
O00077,C069,P014,2026-08-26,1,3682.56,Completed,3682.56
O00078,C342,P036,2026-09-29,1,1134.61,Completed,1134.61
O00079,C287,P021,2026-06-12,1,3572.03,Completed,3572.03
O00080,C387,P040,2026-08-15,1,933.0,Cancelled,933.0
O00081,C314,P010,2026-09-16,1,1739.65,Completed,1739.65
O00082,C219,P013,2026-08-17,2,4011.81,Completed,8023.62
O00083,C082,P015,2026-09-01,1,639.35,Completed,639.35
O00084,C231,P003,2026-05-13,1,1604.77,Completed,1604.77
O00085,C385,P010,2026-05-07,1,1739.65,Cancelled,1739.65
O00086,C327,P008,2026-05-22,1,1763.75,Completed,1763.75
O00087,C393,P016,2026-09-24,1,1011.57,Completed,1011.57
O00088,C249,P019,2026-05-03,3,849.29,Completed,2547.87
O00089,C141,P021,2026-08-14,1,3572.03,Pending,3572.03
O00090,C040,P039,2026-05-27,1,610.99,Completed,610.99
O00091,C121,P010,2026-05-20,1,1739.65,Completed,1739.65
O00092,C172,P014,2026-06-13,1,3682.56,Completed,3682.56
O00093,C277,P023,2026-02-11,1,3447.6,Completed,3447.6
O00094,C071,P024,2026-03-19,1,2792.31,Completed,2792.31
O00095,C119,P014,2026-07-16,4,3682.56,Completed,14730.24
O00096,C356,P019,2026-03-20,1,849.29,Completed,849.29
O00097,C362,P030,2026-04-20,1,2586.92,Completed,2586.92
O00098,C033,P011,2026-08-01,2,918.48,Completed,1836.96
O00099,C209,P016,2026-06-19,1,1011.57,Completed,1011.57
O00100,C278,P031,2026-08-27,1,1648.21,Completed,1648.21
O00101,C213,P023,2026-02-01,3,3447.6,Completed,10342.8
O00102,C106,P030,2026-08-04,2,2586.92,Cancelled,5173.84
O00103,C200,P016,2026-01-11,1,1011.57,Completed,1011.57
O00104,C392,P031,2026-07-14,1,1648.21,Cancelled,1648.21
O00105,C245,P011,2026-01-04,1,918.48,Completed,918.48
O00106,C181,P031,2026-06-02,1,1648.21,Completed,1648.21
O00107,C386,P004,2026-07-19,3,5723.82,Completed,17171.46
O00108,C215,P001,2026-04-23,2,4773.29,Completed,9546.58
O00109,C250,P011,2026-04-23,2,918.48,Completed,1836.96
O00110,C140,P032,2026-08-12,1,1798.36,Completed,1798.36
O00111,C249,P038,2026-01-15,1,3361.83,Completed,3361.83
O00112,C200,P025,2026-06-22,1,1054.56,Completed,1054.56
O00113,C343,P028,2026-07-27,1,3265.62,Completed,3265.62
O00114,C371,P027,2026-03-26,1,2263.36,Completed,2263.36
O00115,C240,P028,2026-03-07,1,3265.62,Completed,3265.62
O00116,C319,P017,2026-01-14,1,6203.54,Completed,6203.54
O00117,C202,P034,2026-01-14,2,5352.74,Completed,10705.48
O00118,C043,P009,2026-08-08,1,2813.88,Completed,2813.88
O00119,C070,P004,2026-08-25,1,5723.82,Completed,5723.82
O00120,C094,P005,2026-01-26,1,2624.22,Completed,2624.22
O00121,C134,P036,2026-07-14,3,1134.61,Completed,3403.83
O00122,C168,P037,2026-04-19,3,5429.68,Completed,16289.04
O00123,C233,P007,2026-06-17,2,1191.82,Cancelled,2383.64
O00124,C173,P014,2026-07-14,1,3682.56,Completed,3682.56
O00125,C143,P004,2026-08-04,1,5723.82,Completed,5723.82
O00126,C130,P031,2026-02-11,1,1648.21,Completed,1648.21
O00127,C241,P039,2026-01-10,1,610.99,Completed,610.99
O00128,C384,P022,2026-01-27,1,5974.06,Completed,5974.06
O00129,C180,P006,2026-04-25,2,6325.48,Pending,12650.96
O00130,C333,P003,2026-02-05,2,1604.77,Completed,3209.54
O00131,C400,P001,2026-01-21,1,4773.29,Completed,4773.29
O00132,C387,P001,2026-01-16,1,4773.29,Completed,4773.29
O00133,C127,P027,2026-04-13,1,2263.36,Completed,2263.36
O00134,C011,P019,2026-03-20,1,849.29,Completed,849.29
O00135,C123,P036,2026-03-06,2,1134.61,Completed,2269.22
O00136,C243,P012,2026-02-28,4,2085.26,Completed,8341.04
O00137,C289,P039,2026-04-22,1,610.99,Completed,610.99
O00138,C239,P036,2026-05-12,1,1134.61,Completed,1134.61
O00139,C393,P005,2026-07-08,1,2624.22,Completed,2624.22
O00140,C086,P039,2026-02-28,1,610.99,Cancelled,610.99
O00141,C399,P015,2026-03-25,3,639.35,Completed,1918.05
O00142,C160,P008,2026-02-25,1,1763.75,Completed,1763.75
O00143,C297,P001,2026-01-14,1,4773.29,Completed,4773.29
O00144,C160,P024,2026-07-12,4,2792.31,Completed,11169.24
O00145,C204,P011,2026-04-12,1,918.48,Completed,918.48
O00146,C039,P027,2026-05-05,1,2263.36,Pending,2263.36
O00147,C053,P020,2026-06-04,1,1820.46,Completed,1820.46
O00148,C351,P007,2026-03-03,2,1191.82,Cancelled,2383.64
O00149,C290,P002,2026-01-22,2,2814.37,Completed,5628.74
O00150,C178,P026,2026-09-30,3,1994.05,Completed,5982.15
O00151,C220,P036,2026-07-09,1,1134.61,Completed,1134.61
O00152,C036,P037,2026-09-17,2,5429.68,Pending,10859.36
O00153,C332,P024,2026-06-24,1,2792.31,Pending,2792.31
O00154,C007,P039,2026-08-04,1,610.99,Completed,610.99
O00155,C251,P027,2026-02-24,1,2263.36,Completed,2263.36
O00156,C222,P014,2026-07-05,1,3682.56,Completed,3682.56
O00157,C326,P013,2026-08-24,1,4011.81,Completed,4011.81
O00158,C363,P025,2026-03-20,2,1054.56,Completed,2109.12
O00159,C223,P011,2026-04-01,3,918.48,Completed,2755.44
O00160,C376,P038,2026-09-25,1,3361.83,Completed,3361.83
O00161,C334,P007,2026-05-19,1,1191.82,Completed,1191.82
O00162,C316,P040,2026-09-05,1,933.0,Completed,933.0
O00163,C239,P018,2026-08-12,1,2068.89,Completed,2068.89
O00164,C375,P018,2026-05-18,1,2068.89,Completed,2068.89
O00165,C166,P004,2026-05-06,1,5723.82,Completed,5723.82
O00166,C045,P001,2026-05-23,3,4773.29,Completed,14319.87
O00167,C231,P011,2026-05-05,3,918.48,Completed,2755.44
O00168,C385,P031,2026-08-26,1,1648.21,Completed,1648.21
O00169,C292,P021,2026-07-14,3,3572.03,Completed,10716.09
O00170,C173,P030,2026-01-15,2,2586.92,Completed,5173.84
O00171,C254,P020,2026-06-16,1,1820.46,Completed,1820.46
O00172,C094,P013,2026-09-07,3,4011.81,Completed,12035.43
O00173,C109,P010,2026-07-01,1,1739.65,Completed,1739.65
O00174,C133,P015,2026-06-24,1,639.35,Completed,639.35
O00175,C144,P004,2026-05-22,1,5723.82,Pending,5723.82
O00176,C285,P014,2026-01-06,2,3682.56,Completed,7365.12
O00177,C265,P016,2026-04-08,3,1011.57,Completed,3034.71
O00178,C044,P022,2026-05-04,2,5974.06,Completed,11948.12
O00179,C369,P011,2026-07-28,1,918.48,Completed,918.48
O00180,C251,P001,2026-05-04,2,4773.29,Completed,9546.58
O00181,C354,P014,2026-09-01,2,3682.56,Completed,7365.12
O00182,C331,P009,2026-09-09,1,2813.88,Cancelled,2813.88
O00183,C230,P013,2026-01-09,1,4011.81,Completed,4011.81
O00184,C048,P029,2026-05-31,1,1836.7,Completed,1836.7
O00185,C114,P018,2026-07-27,1,2068.89,Completed,2068.89
O00186,C355,P018,2026-05-05,1,2068.89,Completed,2068.89
O00187,C157,P024,2026-07-08,1,2792.31,Completed,2792.31
O00188,C243,P040,2026-09-29,2,933.0,Cancelled,1866.0
O00189,C177,P008,2026-08-06,2,1763.75,Completed,3527.5
O00190,C382,P038,2026-06-19,1,3361.83,Cancelled,3361.83
O00191,C181,P022,2026-08-21,2,5974.06,Completed,11948.12
O00192,C139,P015,2026-06-06,2,639.35,Completed,1278.7
O00193,C129,P018,2026-04-29,1,2068.89,Completed,2068.89
O00194,C062,P004,2026-04-09,1,5723.82,Completed,5723.82
O00195,C162,P005,2026-03-03,1,2624.22,Completed,2624.22
O00196,C381,P008,2026-04-05,1,1763.75,Completed,1763.75
O00197,C099,P033,2026-04-21,3,2896.4,Completed,8689.2
O00198,C379,P013,2026-09-05,1,4011.81,Completed,4011.81
O00199,C142,P024,2026-09-26,1,2792.31,Cancelled,2792.31
O00200,C306,P019,2026-05-25,1,849.29,Completed,849.29
O00201,C052,P035,2026-04-10,1,6423.94,Completed,6423.94
O00202,C152,P014,2026-04-27,1,3682.56,Completed,3682.56
O00203,C185,P001,2026-04-02,1,4773.29,Cancelled,4773.29
O00204,C155,P015,2026-01-08,1,639.35,Completed,639.35
O00205,C363,P030,2026-03-06,2,2586.92,Completed,5173.84
O00206,C141,P029,2026-01-24,1,1836.7,Completed,1836.7
O00207,C028,P035,2026-05-30,1,6423.94,Cancelled,6423.94
O00208,C358,P031,2026-03-06,2,1648.21,Completed,3296.42
O00209,C327,P011,2026-09-09,1,918.48,Cancelled,918.48
O00210,C053,P030,2026-01-07,1,2586.92,Completed,2586.92
O00211,C294,P005,2026-05-26,1,2624.22,Completed,2624.22
O00212,C241,P032,2026-09-03,2,1798.36,Pending,3596.72
O00213,C226,P037,2026-06-24,1,5429.68,Completed,5429.68
O00214,C095,P024,2026-01-27,1,2792.31,Completed,2792.31
O00215,C130,P007,2026-09-02,1,1191.82,Completed,1191.82
O00216,C059,P033,2026-02-03,2,2896.4,Completed,5792.8
O00217,C206,P015,2026-09-09,1,639.35,Completed,639.35
O00218,C038,P012,2026-01-28,2,2085.26,Completed,4170.52
O00219,C078,P032,2026-03-18,1,1798.36,Completed,1798.36
O00220,C289,P017,2026-06-05,1,6203.54,Completed,6203.54
O00221,C044,P027,2026-05-08,1,2263.36,Completed,2263.36
O00222,C061,P007,2026-08-02,1,1191.82,Completed,1191.82
O00223,C311,P015,2026-04-26,1,639.35,Completed,639.35
O00224,C398,P040,2026-09-25,4,933.0,Completed,3732.0
O00225,C195,P011,2026-08-19,4,918.48,Completed,3673.92
O00226,C227,P031,2026-06-02,1,1648.21,Completed,1648.21
O00227,C302,P028,2026-08-08,1,3265.62,Completed,3265.62
O00228,C157,P039,2026-01-31,1,610.99,Completed,610.99
O00229,C313,P012,2026-02-20,1,2085.26,Completed,2085.26
O00230,C391,P002,2026-04-17,2,2814.37,Cancelled,5628.74
O00231,C321,P032,2026-04-19,1,1798.36,Completed,1798.36
O00232,C136,P021,2026-02-11,1,3572.03,Completed,3572.03
O00233,C081,P030,2026-05-03,3,2586.92,Completed,7760.76
O00234,C089,P032,2026-02-08,1,1798.36,Completed,1798.36
O00235,C081,P006,2026-01-02,1,6325.48,Cancelled,6325.48
O00236,C210,P039,2026-08-19,1,610.99,Completed,610.99
O00237,C353,P037,2026-08-29,4,5429.68,Completed,21718.72
O00238,C150,P025,2026-01-17,2,1054.56,Completed,2109.12
O00239,C119,P011,2026-05-28,1,918.48,Completed,918.48
O00240,C362,P034,2026-05-25,3,5352.74,Pending,16058.22
O00241,C360,P020,2026-08-21,2,1820.46,Completed,3640.92
O00242,C037,P008,2026-04-30,1,1763.75,Completed,1763.75
O00243,C136,P007,2026-04-12,1,1191.82,Completed,1191.82
O00244,C218,P008,2026-02-28,1,1763.75,Completed,1763.75
O00245,C279,P007,2026-04-26,1,1191.82,Completed,1191.82
O00246,C332,P033,2026-03-18,1,2896.4,Completed,2896.4
O00247,C137,P029,2026-03-14,2,1836.7,Completed,3673.4
O00248,C037,P012,2026-01-31,3,2085.26,Completed,6255.78
O00249,C085,P022,2026-06-07,2,5974.06,Completed,11948.12
O00250,C305,P011,2026-05-28,1,918.48,Completed,918.48
O00251,C225,P023,2026-03-05,3,3447.6,Completed,10342.8
O00252,C240,P035,2026-06-05,1,6423.94,Completed,6423.94
O00253,C359,P021,2026-07-26,1,3572.03,Completed,3572.03
O00254,C140,P020,2026-09-14,1,1820.46,Cancelled,1820.46
O00255,C277,P019,2026-09-10,2,849.29,Completed,1698.58
O00256,C225,P017,2026-02-11,1,6203.54,Cancelled,6203.54
O00257,C307,P021,2026-01-21,1,3572.03,Completed,3572.03
O00258,C222,P013,2026-06-15,1,4011.81,Completed,4011.81
O00259,C310,P037,2026-05-09,1,5429.68,Cancelled,5429.68
O00260,C014,P031,2026-02-16,1,1648.21,Completed,1648.21
O00261,C118,P029,2026-01-11,2,1836.7,Cancelled,3673.4
O00262,C392,P031,2026-05-18,1,1648.21,Completed,1648.21
O00263,C296,P010,2026-01-21,1,1739.65,Completed,1739.65
O00264,C391,P005,2026-03-31,1,2624.22,Completed,2624.22
O00265,C241,P001,2026-09-23,2,4773.29,Completed,9546.58
O00266,C334,P038,2026-08-15,2,3361.83,Completed,6723.66
O00267,C143,P029,2026-04-03,1,1836.7,Cancelled,1836.7
O00268,C300,P017,2026-08-12,2,6203.54,Completed,12407.08
O00269,C326,P017,2026-09-09,1,6203.54,Completed,6203.54
O00270,C047,P007,2026-08-29,1,1191.82,Completed,1191.82
O00271,C179,P008,2026-07-29,1,1763.75,Completed,1763.75
O00272,C171,P037,2026-06-14,1,5429.68,Completed,5429.68
O00273,C344,P016,2026-02-23,3,1011.57,Completed,3034.71
O00274,C083,P038,2026-06-18,1,3361.83,Completed,3361.83
O00275,C211,P011,2026-09-11,2,918.48,Cancelled,1836.96
O00276,C148,P031,2026-07-25,1,1648.21,Completed,1648.21
O00277,C390,P027,2026-01-19,1,2263.36,Completed,2263.36
O00278,C233,P040,2026-02-15,2,933.0,Completed,1866.0
O00279,C162,P003,2026-05-10,2,1604.77,Completed,3209.54
O00280,C166,P002,2026-03-01,1,2814.37,Cancelled,2814.37
O00281,C396,P030,2026-07-26,1,2586.92,Completed,2586.92
O00282,C264,P032,2026-01-01,2,1798.36,Completed,3596.72
O00283,C337,P003,2026-08-25,3,1604.77,Pending,4814.31
O00284,C212,P013,2026-01-28,1,4011.81,Completed,4011.81
O00285,C097,P018,2026-09-23,1,2068.89,Completed,2068.89
O00286,C186,P026,2026-09-13,1,1994.05,Completed,1994.05
O00287,C321,P037,2026-08-15,2,5429.68,Completed,10859.36
O00288,C390,P004,2026-01-27,4,5723.82,Completed,22895.28
O00289,C105,P022,2026-05-17,4,5974.06,Completed,23896.24
O00290,C282,P009,2026-03-09,1,2813.88,Completed,2813.88
O00291,C148,P030,2026-08-13,1,2586.92,Completed,2586.92
O00292,C358,P027,2026-09-06,1,2263.36,Completed,2263.36
O00293,C063,P029,2026-01-15,1,1836.7,Completed,1836.7
O00294,C323,P014,2026-05-03,2,3682.56,Completed,7365.12
O00295,C364,P018,2026-03-23,1,2068.89,Completed,2068.89
O00296,C160,P011,2026-01-08,1,918.48,Completed,918.48
O00297,C283,P019,2026-07-28,1,849.29,Completed,849.29
O00298,C048,P026,2026-04-26,2,1994.05,Completed,3988.1
O00299,C059,P011,2026-08-25,3,918.48,Completed,2755.44
O00300,C061,P018,2026-03-20,2,2068.89,Completed,4137.78
O00301,C256,P019,2026-05-30,3,849.29,Completed,2547.87
O00302,C261,P008,2026-05-20,1,1763.75,Completed,1763.75
O00303,C213,P029,2026-09-05,2,1836.7,Completed,3673.4
O00304,C242,P039,2026-05-05,2,610.99,Completed,1221.98
O00305,C234,P037,2026-03-16,3,5429.68,Pending,16289.04
O00306,C197,P032,2026-04-08,2,1798.36,Completed,3596.72
O00307,C307,P023,2026-09-18,1,3447.6,Completed,3447.6
O00308,C383,P038,2026-03-11,1,3361.83,Completed,3361.83
O00309,C036,P005,2026-05-22,2,2624.22,Completed,5248.44
O00310,C396,P013,2026-08-01,1,4011.81,Completed,4011.81
O00311,C175,P007,2026-09-17,1,1191.82,Completed,1191.82
O00312,C137,P012,2026-01-02,1,2085.26,Completed,2085.26
O00313,C145,P024,2026-06-02,1,2792.31,Completed,2792.31
O00314,C301,P032,2026-09-08,1,1798.36,Completed,1798.36
O00315,C077,P009,2026-08-17,3,2813.88,Completed,8441.64
O00316,C276,P037,2026-09-05,2,5429.68,Completed,10859.36
O00317,C177,P014,2026-06-20,2,3682.56,Completed,7365.12
O00318,C283,P009,2026-07-13,2,2813.88,Completed,5627.76
O00319,C234,P035,2026-06-14,1,6423.94,Completed,6423.94
O00320,C097,P016,2026-05-03,1,1011.57,Completed,1011.57
O00321,C293,P012,2026-07-16,1,2085.26,Completed,2085.26
O00322,C120,P034,2026-07-30,1,5352.74,Completed,5352.74
O00323,C023,P004,2026-06-12,1,5723.82,Completed,5723.82
O00324,C382,P030,2026-08-31,1,2586.92,Completed,2586.92
O00325,C362,P013,2026-07-15,1,4011.81,Completed,4011.81
O00326,C198,P001,2026-03-19,2,4773.29,Completed,9546.58
O00327,C254,P014,2026-01-19,1,3682.56,Completed,3682.56
O00328,C065,P007,2026-09-15,1,1191.82,Completed,1191.82
O00329,C303,P014,2026-06-19,2,3682.56,Completed,7365.12
O00330,C052,P030,2026-08-14,1,2586.92,Completed,2586.92
O00331,C052,P003,2026-09-27,2,1604.77,Completed,3209.54
O00332,C234,P007,2026-01-08,2,1191.82,Completed,2383.64
O00333,C370,P005,2026-03-15,2,2624.22,Pending,5248.44
O00334,C210,P022,2026-03-21,3,5974.06,Completed,17922.18
O00335,C039,P027,2026-08-29,1,2263.36,Completed,2263.36
O00336,C136,P036,2026-06-23,1,1134.61,Completed,1134.61
O00337,C320,P001,2026-07-23,2,4773.29,Completed,9546.58
O00338,C333,P037,2026-02-11,2,5429.68,Completed,10859.36
O00339,C169,P029,2026-07-14,1,1836.7,Completed,1836.7
O00340,C163,P029,2026-09-07,1,1836.7,Completed,1836.7
O00341,C278,P035,2026-01-19,1,6423.94,Completed,6423.94
O00342,C317,P009,2026-02-05,2,2813.88,Completed,5627.76
O00343,C121,P003,2026-05-28,1,1604.77,Cancelled,1604.77
O00344,C117,P029,2026-02-16,1,1836.7,Completed,1836.7
O00345,C223,P025,2026-02-20,1,1054.56,Completed,1054.56
O00346,C390,P022,2026-02-21,1,5974.06,Completed,5974.06
O00347,C228,P002,2026-03-27,1,2814.37,Completed,2814.37
O00348,C356,P037,2026-06-03,2,5429.68,Completed,10859.36
O00349,C015,P017,2026-01-24,2,6203.54,Completed,12407.08
O00350,C167,P004,2026-01-29,1,5723.82,Completed,5723.82
O00351,C151,P024,2026-07-03,1,2792.31,Completed,2792.31
O00352,C192,P020,2026-08-09,2,1820.46,Completed,3640.92
O00353,C075,P008,2026-05-06,2,1763.75,Completed,3527.5
O00354,C272,P003,2026-07-30,1,1604.77,Completed,1604.77
O00355,C290,P012,2026-04-03,1,2085.26,Cancelled,2085.26
O00356,C088,P034,2026-03-31,1,5352.74,Pending,5352.74
O00357,C041,P013,2026-07-15,1,4011.81,Completed,4011.81
O00358,C318,P035,2026-05-04,1,6423.94,Completed,6423.94
O00359,C255,P036,2026-03-15,1,1134.61,Completed,1134.61
O00360,C119,P002,2026-08-25,2,2814.37,Completed,5628.74
O00361,C327,P023,2026-05-11,1,3447.6,Completed,3447.6
O00362,C236,P034,2026-05-11,3,5352.74,Completed,16058.22
O00363,C342,P013,2026-01-05,2,4011.81,Completed,8023.62
O00364,C239,P025,2026-05-28,3,1054.56,Completed,3163.68
O00365,C347,P011,2026-03-22,3,918.48,Completed,2755.44
O00366,C038,P009,2026-08-15,1,2813.88,Cancelled,2813.88
O00367,C177,P021,2026-06-03,2,3572.03,Completed,7144.06
O00368,C328,P016,2026-08-06,1,1011.57,Completed,1011.57
O00369,C354,P009,2026-05-09,1,2813.88,Completed,2813.88
O00370,C234,P004,2026-06-04,1,5723.82,Completed,5723.82
O00371,C102,P013,2026-07-16,1,4011.81,Cancelled,4011.81
O00372,C248,P018,2026-02-24,1,2068.89,Completed,2068.89
O00373,C122,P040,2026-07-15,1,933.0,Completed,933.0
O00374,C293,P009,2026-07-03,1,2813.88,Completed,2813.88
O00375,C295,P003,2026-06-01,4,1604.77,Completed,6419.08
O00376,C359,P024,2026-06-01,2,2792.31,Completed,5584.62
O00377,C012,P029,2026-07-22,1,1836.7,Completed,1836.7
O00378,C141,P022,2026-01-05,1,5974.06,Completed,5974.06
O00379,C290,P006,2026-01-26,1,6325.48,Completed,6325.48
O00380,C311,P027,2026-09-12,1,2263.36,Completed,2263.36
O00381,C147,P012,2026-04-28,1,2085.26,Completed,2085.26
O00382,C311,P027,2026-06-30,1,2263.36,Completed,2263.36
O00383,C113,P029,2026-04-08,3,1836.7,Completed,5510.1
O00384,C318,P026,2026-05-09,1,1994.05,Completed,1994.05
O00385,C348,P026,2026-03-12,3,1994.05,Completed,5982.15
O00386,C322,P027,2026-02-19,1,2263.36,Completed,2263.36
O00387,C322,P025,2026-01-21,1,1054.56,Completed,1054.56
O00388,C159,P005,2026-08-14,2,2624.22,Completed,5248.44
O00389,C018,P001,2026-07-06,1,4773.29,Completed,4773.29
O00390,C375,P012,2026-03-09,1,2085.26,Completed,2085.26
O00391,C047,P028,2026-06-01,1,3265.62,Cancelled,3265.62
O00392,C168,P036,2026-08-01,4,1134.61,Completed,4538.44
O00393,C090,P008,2026-04-13,1,1763.75,Completed,1763.75
O00394,C068,P009,2026-07-07,2,2813.88,Cancelled,5627.76
O00395,C272,P021,2026-09-14,3,3572.03,Cancelled,10716.09
O00396,C140,P021,2026-03-26,1,3572.03,Completed,3572.03
O00397,C132,P034,2026-09-04,3,5352.74,Cancelled,16058.22
O00398,C152,P039,2026-06-23,1,610.99,Completed,610.99
O00399,C059,P014,2026-08-28,4,3682.56,Completed,14730.24
O00400,C039,P019,2026-03-14,1,849.29,Completed,849.29
O00401,C387,P017,2026-04-26,1,6203.54,Cancelled,6203.54
O00402,C347,P015,2026-07-23,1,639.35,Completed,639.35
O00403,C286,P025,2026-07-07,1,1054.56,Completed,1054.56
O00404,C047,P013,2026-07-22,2,4011.81,Completed,8023.62
O00405,C008,P034,2026-05-16,2,5352.74,Completed,10705.48
O00406,C275,P008,2026-03-05,1,1763.75,Pending,1763.75
O00407,C233,P009,2026-07-08,1,2813.88,Completed,2813.88
O00408,C345,P029,2026-05-15,2,1836.7,Completed,3673.4
O00409,C300,P032,2026-07-15,1,1798.36,Completed,1798.36
O00410,C327,P004,2026-07-10,2,5723.82,Completed,11447.64
O00411,C056,P034,2026-04-30,1,5352.74,Completed,5352.74
O00412,C242,P011,2026-01-13,1,918.48,Pending,918.48
O00413,C318,P001,2026-06-17,1,4773.29,Completed,4773.29
O00414,C313,P009,2026-04-24,1,2813.88,Completed,2813.88
O00415,C332,P004,2026-02-02,1,5723.82,Cancelled,5723.82
O00416,C326,P029,2026-08-26,1,1836.7,Completed,1836.7
O00417,C359,P007,2026-06-04,1,1191.82,Completed,1191.82
O00418,C333,P008,2026-07-29,2,1763.75,Pending,3527.5
O00419,C060,P030,2026-03-13,1,2586.92,Completed,2586.92
O00420,C024,P018,2026-01-20,1,2068.89,Completed,2068.89
O00421,C156,P029,2026-09-10,1,1836.7,Completed,1836.7
O00422,C060,P025,2026-02-19,1,1054.56,Completed,1054.56
O00423,C121,P034,2026-03-11,1,5352.74,Cancelled,5352.74
O00424,C199,P036,2026-08-21,1,1134.61,Completed,1134.61
O00425,C190,P011,2026-08-03,1,918.48,Cancelled,918.48
O00426,C301,P005,2026-03-21,1,2624.22,Completed,2624.22
O00427,C213,P027,2026-02-20,2,2263.36,Completed,4526.72
O00428,C251,P026,2026-07-28,2,1994.05,Completed,3988.1
O00429,C144,P024,2026-01-17,2,2792.31,Completed,5584.62
O00430,C354,P010,2026-07-09,2,1739.65,Completed,3479.3
O00431,C112,P021,2026-08-16,1,3572.03,Completed,3572.03
O00432,C228,P030,2026-05-01,1,2586.92,Pending,2586.92
O00433,C186,P005,2026-02-20,1,2624.22,Completed,2624.22
O00434,C352,P017,2026-07-08,3,6203.54,Completed,18610.62
O00435,C279,P011,2026-07-03,1,918.48,Completed,918.48
O00436,C032,P026,2026-07-23,3,1994.05,Completed,5982.15
O00437,C142,P039,2026-04-08,2,610.99,Completed,1221.98
O00438,C063,P030,2026-08-21,1,2586.92,Cancelled,2586.92
O00439,C047,P014,2026-04-19,4,3682.56,Completed,14730.24
O00440,C329,P023,2026-01-11,1,3447.6,Completed,3447.6
O00441,C026,P027,2026-06-20,1,2263.36,Completed,2263.36
O00442,C125,P022,2026-03-06,2,5974.06,Completed,11948.12
O00443,C290,P007,2026-04-16,1,1191.82,Completed,1191.82
O00444,C036,P031,2026-04-17,2,1648.21,Completed,3296.42
O00445,C301,P007,2026-04-21,1,1191.82,Completed,1191.82
O00446,C120,P035,2026-06-18,1,6423.94,Completed,6423.94
O00447,C397,P021,2026-03-17,2,3572.03,Cancelled,7144.06
O00448,C306,P020,2026-01-02,1,1820.46,Completed,1820.46
O00449,C142,P010,2026-03-16,3,1739.65,Completed,5218.95
O00450,C067,P003,2026-05-09,1,1604.77,Completed,1604.77
O00451,C090,P025,2026-02-26,1,1054.56,Completed,1054.56
O00452,C339,P029,2026-01-14,2,1836.7,Cancelled,3673.4
O00453,C068,P020,2026-01-08,1,1820.46,Completed,1820.46
O00454,C184,P037,2026-05-02,1,5429.68,Completed,5429.68
O00455,C302,P001,2026-06-15,4,4773.29,Completed,19093.16
O00456,C009,P009,2026-03-31,1,2813.88,Completed,2813.88
O00457,C136,P033,2026-01-27,1,2896.4,Completed,2896.4
O00458,C065,P024,2026-08-04,2,2792.31,Pending,5584.62
O00459,C270,P001,2026-02-28,2,4773.29,Pending,9546.58
O00460,C382,P021,2026-02-02,1,3572.03,Completed,3572.03
O00461,C244,P037,2026-08-18,4,5429.68,Completed,21718.72
O00462,C399,P015,2026-07-05,1,639.35,Completed,639.35
O00463,C263,P003,2026-02-25,2,1604.77,Completed,3209.54
O00464,C232,P026,2026-09-15,1,1994.05,Completed,1994.05
O00465,C114,P032,2026-01-23,1,1798.36,Completed,1798.36
O00466,C373,P004,2026-09-24,1,5723.82,Completed,5723.82
O00467,C155,P032,2026-08-23,2,1798.36,Completed,3596.72
O00468,C330,P036,2026-01-16,2,1134.61,Completed,2269.22
O00469,C032,P019,2026-09-03,3,849.29,Completed,2547.87
O00470,C206,P039,2026-08-07,1,610.99,Completed,610.99
O00471,C352,P009,2026-02-25,1,2813.88,Cancelled,2813.88
O00472,C252,P017,2026-08-16,2,6203.54,Completed,12407.08
O00473,C038,P016,2026-02-11,2,1011.57,Completed,2023.14
O00474,C165,P016,2026-03-17,1,1011.57,Completed,1011.57
O00475,C034,P020,2026-03-06,1,1820.46,Pending,1820.46
O00476,C141,P007,2026-06-16,1,1191.82,Completed,1191.82
O00477,C196,P014,2026-09-29,2,3682.56,Cancelled,7365.12
O00478,C151,P008,2026-08-21,2,1763.75,Completed,3527.5
O00479,C259,P010,2026-08-09,1,1739.65,Completed,1739.65
O00480,C051,P016,2026-02-28,3,1011.57,Completed,3034.71
O00481,C336,P008,2026-04-21,2,1763.75,Completed,3527.5
O00482,C221,P024,2026-08-20,1,2792.31,Completed,2792.31
O00483,C117,P040,2026-07-31,2,933.0,Pending,1866.0
O00484,C174,P037,2026-08-21,1,5429.68,Cancelled,5429.68
O00485,C205,P028,2026-08-01,1,3265.62,Completed,3265.62
O00486,C374,P035,2026-02-18,1,6423.94,Completed,6423.94
O00487,C161,P037,2026-08-07,2,5429.68,Completed,10859.36
O00488,C161,P015,2026-05-11,1,639.35,Completed,639.35
O00489,C192,P023,2026-03-20,1,3447.6,Completed,3447.6
O00490,C352,P026,2026-08-31,1,1994.05,Completed,1994.05
O00491,C035,P035,2026-02-16,1,6423.94,Completed,6423.94
O00492,C044,P023,2026-02-17,3,3447.6,Completed,10342.8
O00493,C222,P018,2026-02-19,1,2068.89,Completed,2068.89
O00494,C382,P013,2026-07-10,1,4011.81,Cancelled,4011.81
O00495,C067,P018,2026-01-31,1,2068.89,Completed,2068.89
O00496,C301,P003,2026-06-18,1,1604.77,Cancelled,1604.77
O00497,C344,P030,2026-03-04,1,2586.92,Completed,2586.92
O00498,C211,P012,2026-07-01,1,2085.26,Completed,2085.26
O00499,C341,P010,2026-08-05,1,1739.65,Completed,1739.65
O00500,C370,P034,2026-01-27,2,5352.74,Completed,10705.48
O00501,C148,P039,2026-06-09,1,610.99,Completed,610.99
O00502,C181,P035,2026-02-23,3,6423.94,Completed,19271.82
O00503,C296,P039,2026-09-17,2,610.99,Completed,1221.98
O00504,C109,P014,2026-03-21,2,3682.56,Completed,7365.12
O00505,C337,P020,2026-09-04,2,1820.46,Completed,3640.92
O00506,C115,P026,2026-02-25,2,1994.05,Completed,3988.1
O00507,C180,P014,2026-07-08,1,3682.56,Cancelled,3682.56
O00508,C059,P001,2026-05-23,1,4773.29,Completed,4773.29
O00509,C294,P023,2026-04-26,1,3447.6,Completed,3447.6
O00510,C220,P003,2026-01-14,1,1604.77,Completed,1604.77
O00511,C312,P021,2026-05-17,2,3572.03,Cancelled,7144.06
O00512,C015,P001,2026-04-03,1,4773.29,Completed,4773.29
O00513,C140,P029,2026-06-08,1,1836.7,Completed,1836.7
O00514,C174,P027,2026-06-29,1,2263.36,Completed,2263.36
O00515,C004,P012,2026-04-03,1,2085.26,Completed,2085.26
O00516,C074,P035,2026-07-25,1,6423.94,Completed,6423.94
O00517,C036,P026,2026-03-14,1,1994.05,Completed,1994.05
O00518,C380,P013,2026-01-16,2,4011.81,Completed,8023.62
O00519,C047,P016,2026-09-29,1,1011.57,Completed,1011.57
O00520,C111,P007,2026-07-12,1,1191.82,Completed,1191.82
O00521,C215,P019,2026-08-21,1,849.29,Completed,849.29
O00522,C175,P011,2026-03-22,2,918.48,Completed,1836.96
O00523,C190,P029,2026-06-09,1,1836.7,Completed,1836.7
O00524,C370,P036,2026-06-16,1,1134.61,Pending,1134.61
O00525,C398,P027,2026-02-13,1,2263.36,Completed,2263.36
O00526,C027,P020,2026-03-21,2,1820.46,Completed,3640.92
O00527,C081,P039,2026-01-26,1,610.99,Completed,610.99
O00528,C346,P019,2026-02-11,1,849.29,Completed,849.29
O00529,C140,P015,2026-08-15,1,639.35,Cancelled,639.35
O00530,C339,P001,2026-08-06,1,4773.29,Completed,4773.29
O00531,C249,P040,2026-08-15,2,933.0,Cancelled,1866.0
O00532,C213,P031,2026-05-20,1,1648.21,Cancelled,1648.21
O00533,C111,P005,2026-09-20,1,2624.22,Completed,2624.22
O00534,C059,P038,2026-06-26,2,3361.83,Completed,6723.66
O00535,C221,P023,2026-02-26,3,3447.6,Completed,10342.8
O00536,C146,P033,2026-09-07,1,2896.4,Completed,2896.4
O00537,C270,P019,2026-06-07,1,849.29,Cancelled,849.29
O00538,C024,P034,2026-04-23,2,5352.74,Completed,10705.48
O00539,C203,P028,2026-01-29,1,3265.62,Completed,3265.62
O00540,C004,P012,2026-04-15,1,2085.26,Completed,2085.26
O00541,C155,P033,2026-04-19,1,2896.4,Completed,2896.4
O00542,C393,P003,2026-03-12,1,1604.77,Completed,1604.77
O00543,C392,P002,2026-05-11,1,2814.37,Pending,2814.37
O00544,C149,P032,2026-06-17,1,1798.36,Cancelled,1798.36
O00545,C062,P003,2026-01-04,3,1604.77,Completed,4814.31
O00546,C255,P018,2026-08-09,1,2068.89,Completed,2068.89
O00547,C090,P040,2026-03-08,3,933.0,Completed,2799.0
O00548,C195,P030,2026-09-30,2,2586.92,Pending,5173.84
O00549,C361,P022,2026-04-28,2,5974.06,Completed,11948.12
O00550,C257,P006,2026-07-01,1,6325.48,Completed,6325.48
O00551,C037,P036,2026-07-23,1,1134.61,Completed,1134.61
O00552,C380,P009,2026-01-22,1,2813.88,Completed,2813.88
O00553,C224,P003,2026-01-10,1,1604.77,Cancelled,1604.77
O00554,C236,P027,2026-02-09,2,2263.36,Completed,4526.72
O00555,C161,P007,2026-08-08,1,1191.82,Completed,1191.82
O00556,C294,P009,2026-07-27,1,2813.88,Completed,2813.88
O00557,C364,P010,2026-08-02,1,1739.65,Completed,1739.65
O00558,C149,P034,2026-02-28,1,5352.74,Completed,5352.74
O00559,C208,P004,2026-01-11,2,5723.82,Completed,11447.64
O00560,C167,P019,2026-03-29,2,849.29,Completed,1698.58
O00561,C317,P022,2026-08-24,1,5974.06,Pending,5974.06
O00562,C354,P014,2026-07-05,2,3682.56,Completed,7365.12
O00563,C046,P035,2026-08-12,2,6423.94,Completed,12847.88
O00564,C055,P011,2026-05-05,1,918.48,Completed,918.48
O00565,C224,P008,2026-07-25,3,1763.75,Cancelled,5291.25
O00566,C269,P021,2026-02-10,1,3572.03,Completed,3572.03
O00567,C203,P015,2026-06-08,2,639.35,Completed,1278.7
O00568,C382,P005,2026-06-23,1,2624.22,Completed,2624.22
O00569,C114,P035,2026-06-20,1,6423.94,Completed,6423.94
O00570,C399,P009,2026-03-28,1,2813.88,Completed,2813.88
O00571,C040,P026,2026-09-19,1,1994.05,Completed,1994.05
O00572,C325,P018,2026-02-28,1,2068.89,Completed,2068.89
O00573,C272,P037,2026-09-19,1,5429.68,Completed,5429.68
O00574,C100,P017,2026-06-28,1,6203.54,Completed,6203.54
O00575,C180,P029,2026-03-17,1,1836.7,Completed,1836.7
O00576,C121,P034,2026-02-22,1,5352.74,Completed,5352.74
O00577,C075,P034,2026-05-12,1,5352.74,Completed,5352.74
O00578,C102,P013,2026-03-30,3,4011.81,Completed,12035.43
O00579,C309,P014,2026-03-20,1,3682.56,Completed,3682.56
O00580,C390,P005,2026-02-08,1,2624.22,Completed,2624.22
O00581,C091,P024,2026-09-10,1,2792.31,Completed,2792.31
O00582,C238,P029,2026-08-18,1,1836.7,Completed,1836.7
O00583,C349,P025,2026-06-15,2,1054.56,Completed,2109.12
O00584,C322,P004,2026-06-11,3,5723.82,Completed,17171.46
O00585,C078,P015,2026-08-14,2,639.35,Completed,1278.7
O00586,C035,P024,2026-08-29,1,2792.31,Completed,2792.31
O00587,C227,P015,2026-06-05,1,639.35,Completed,639.35
O00588,C141,P039,2026-01-29,4,610.99,Completed,2443.96
O00589,C181,P026,2026-09-17,1,1994.05,Completed,1994.05
O00590,C038,P031,2026-06-08,1,1648.21,Completed,1648.21
O00591,C237,P035,2026-08-20,1,6423.94,Completed,6423.94
O00592,C020,P030,2026-01-30,1,2586.92,Completed,2586.92
O00593,C189,P039,2026-05-27,2,610.99,Completed,1221.98
O00594,C040,P003,2026-02-16,1,1604.77,Completed,1604.77
O00595,C315,P024,2026-09-17,1,2792.31,Completed,2792.31
O00596,C197,P008,2026-08-25,1,1763.75,Pending,1763.75
O00597,C298,P009,2026-01-22,1,2813.88,Completed,2813.88
O00598,C231,P040,2026-04-07,1,933.0,Cancelled,933.0
O00599,C165,P002,2026-09-01,1,2814.37,Completed,2814.37
O00600,C257,P011,2026-03-19,2,918.48,Completed,1836.96
O00601,C032,P024,2026-08-19,1,2792.31,Cancelled,2792.31
O00602,C053,P023,2026-06-25,2,3447.6,Completed,6895.2
O00603,C366,P001,2026-02-13,1,4773.29,Completed,4773.29
O00604,C259,P004,2026-03-30,1,5723.82,Cancelled,5723.82
O00605,C021,P016,2026-05-07,2,1011.57,Completed,2023.14
O00606,C363,P021,2026-08-13,1,3572.03,Cancelled,3572.03
O00607,C225,P014,2026-09-26,1,3682.56,Completed,3682.56
O00608,C268,P021,2026-03-23,3,3572.03,Completed,10716.09
O00609,C187,P032,2026-07-10,1,1798.36,Completed,1798.36
O00610,C145,P033,2026-07-18,1,2896.4,Completed,2896.4
O00611,C210,P014,2026-06-23,1,3682.56,Cancelled,3682.56
O00612,C348,P013,2026-01-27,1,4011.81,Completed,4011.81
O00613,C324,P020,2026-06-21,1,1820.46,Completed,1820.46
O00614,C034,P024,2026-06-18,2,2792.31,Completed,5584.62
O00615,C049,P001,2026-07-17,2,4773.29,Completed,9546.58
O00616,C146,P023,2026-05-10,1,3447.6,Completed,3447.6
O00617,C371,P013,2026-03-18,1,4011.81,Completed,4011.81
O00618,C171,P011,2026-02-11,1,918.48,Completed,918.48
O00619,C299,P032,2026-03-14,2,1798.36,Completed,3596.72
O00620,C180,P039,2026-06-08,1,610.99,Completed,610.99
O00621,C336,P035,2026-07-20,2,6423.94,Completed,12847.88
O00622,C067,P003,2026-02-13,2,1604.77,Completed,3209.54
O00623,C159,P020,2026-07-12,1,1820.46,Completed,1820.46
O00624,C330,P037,2026-06-18,1,5429.68,Completed,5429.68
O00625,C066,P032,2026-09-27,1,1798.36,Pending,1798.36
O00626,C048,P004,2026-08-05,1,5723.82,Completed,5723.82
O00627,C261,P010,2026-07-05,2,1739.65,Completed,3479.3
O00628,C010,P030,2026-07-05,2,2586.92,Completed,5173.84
O00629,C159,P033,2026-04-03,2,2896.4,Completed,5792.8
O00630,C110,P008,2026-06-24,2,1763.75,Cancelled,3527.5
O00631,C393,P040,2026-09-06,1,933.0,Completed,933.0
O00632,C099,P040,2026-04-26,1,933.0,Completed,933.0
O00633,C071,P008,2026-03-21,1,1763.75,Completed,1763.75
O00634,C040,P032,2026-06-01,2,1798.36,Completed,3596.72
O00635,C052,P009,2026-09-17,1,2813.88,Pending,2813.88
O00636,C395,P023,2026-09-27,1,3447.6,Completed,3447.6
O00637,C020,P037,2026-06-22,1,5429.68,Completed,5429.68
O00638,C393,P026,2026-03-09,3,1994.05,Completed,5982.15
O00639,C306,P023,2026-07-12,3,3447.6,Completed,10342.8
O00640,C079,P024,2026-03-25,2,2792.31,Completed,5584.62
O00641,C093,P027,2026-03-26,1,2263.36,Cancelled,2263.36
O00642,C370,P006,2026-08-13,2,6325.48,Pending,12650.96
O00643,C023,P018,2026-07-30,1,2068.89,Completed,2068.89
O00644,C187,P033,2026-05-02,3,2896.4,Completed,8689.2
O00645,C228,P010,2026-05-26,2,1739.65,Completed,3479.3
O00646,C386,P040,2026-08-18,1,933.0,Cancelled,933.0
O00647,C120,P025,2026-05-03,1,1054.56,Completed,1054.56
O00648,C159,P028,2026-08-29,1,3265.62,Completed,3265.62
O00649,C100,P023,2026-07-08,1,3447.6,Completed,3447.6
O00650,C348,P008,2026-08-14,1,1763.75,Cancelled,1763.75
O00651,C237,P013,2026-05-25,1,4011.81,Completed,4011.81
O00652,C399,P037,2026-07-15,4,5429.68,Completed,21718.72
O00653,C258,P012,2026-09-28,1,2085.26,Completed,2085.26
O00654,C215,P006,2026-03-24,1,6325.48,Completed,6325.48
O00655,C103,P023,2026-03-12,3,3447.6,Completed,10342.8
O00656,C129,P019,2026-01-27,1,849.29,Completed,849.29
O00657,C329,P014,2026-09-04,1,3682.56,Completed,3682.56
O00658,C191,P022,2026-02-22,4,5974.06,Completed,23896.24
O00659,C365,P027,2026-09-22,2,2263.36,Completed,4526.72
O00660,C064,P005,2026-05-26,1,2624.22,Cancelled,2624.22
O00661,C043,P031,2026-03-24,3,1648.21,Completed,4944.63
O00662,C140,P018,2026-08-19,2,2068.89,Completed,4137.78
O00663,C263,P008,2026-03-17,2,1763.75,Completed,3527.5
O00664,C224,P036,2026-02-16,1,1134.61,Completed,1134.61
O00665,C114,P021,2026-08-19,1,3572.03,Completed,3572.03
O00666,C179,P037,2026-01-14,2,5429.68,Pending,10859.36
O00667,C213,P004,2026-01-28,1,5723.82,Completed,5723.82
O00668,C203,P036,2026-09-15,2,1134.61,Completed,2269.22
O00669,C192,P030,2026-05-01,1,2586.92,Completed,2586.92
O00670,C198,P001,2026-02-11,1,4773.29,Completed,4773.29
O00671,C192,P008,2026-04-25,2,1763.75,Cancelled,3527.5
O00672,C015,P006,2026-06-13,1,6325.48,Completed,6325.48
O00673,C051,P019,2026-06-21,1,849.29,Completed,849.29
O00674,C075,P035,2026-03-12,1,6423.94,Completed,6423.94
O00675,C020,P025,2026-05-27,1,1054.56,Completed,1054.56
O00676,C242,P020,2026-03-13,1,1820.46,Cancelled,1820.46
O00677,C389,P024,2026-08-29,1,2792.31,Completed,2792.31
O00678,C230,P024,2026-01-03,3,2792.31,Cancelled,8376.93
O00679,C041,P034,2026-01-10,1,5352.74,Completed,5352.74
O00680,C132,P011,2026-04-21,4,918.48,Cancelled,3673.92
O00681,C077,P019,2026-09-28,2,849.29,Completed,1698.58
O00682,C217,P020,2026-02-26,1,1820.46,Completed,1820.46
O00683,C398,P030,2026-05-28,3,2586.92,Completed,7760.76
O00684,C122,P013,2026-06-04,4,4011.81,Completed,16047.24
O00685,C063,P007,2026-01-25,4,1191.82,Completed,4767.28
O00686,C123,P027,2026-08-03,1,2263.36,Completed,2263.36
O00687,C328,P012,2026-08-23,4,2085.26,Completed,8341.04
O00688,C033,P008,2026-02-26,2,1763.75,Completed,3527.5
O00689,C256,P021,2026-01-09,4,3572.03,Completed,14288.12
O00690,C324,P007,2026-09-21,1,1191.82,Completed,1191.82
O00691,C295,P003,2026-05-04,1,1604.77,Cancelled,1604.77
O00692,C368,P003,2026-03-15,1,1604.77,Pending,1604.77
O00693,C150,P036,2026-08-08,1,1134.61,Completed,1134.61
O00694,C001,P006,2026-06-30,1,6325.48,Completed,6325.48
O00695,C124,P008,2026-08-02,1,1763.75,Pending,1763.75
O00696,C096,P010,2026-02-13,2,1739.65,Completed,3479.3
O00697,C269,P029,2026-07-04,1,1836.7,Completed,1836.7
O00698,C035,P003,2026-09-27,1,1604.77,Completed,1604.77
O00699,C279,P034,2026-09-17,1,5352.74,Completed,5352.74
O00700,C260,P017,2026-01-11,1,6203.54,Completed,6203.54
O00701,C200,P008,2026-08-29,2,1763.75,Cancelled,3527.5
O00702,C023,P020,2026-07-18,1,1820.46,Completed,1820.46
O00703,C192,P033,2026-05-10,3,2896.4,Completed,8689.2
O00704,C383,P011,2026-01-09,2,918.48,Completed,1836.96
O00705,C183,P003,2026-02-04,2,1604.77,Completed,3209.54
O00706,C177,P023,2026-05-04,1,3447.6,Completed,3447.6
O00707,C376,P015,2026-02-23,4,639.35,Completed,2557.4
O00708,C396,P011,2026-06-20,1,918.48,Completed,918.48
O00709,C069,P035,2026-01-23,1,6423.94,Pending,6423.94
O00710,C181,P037,2026-06-23,1,5429.68,Cancelled,5429.68
O00711,C330,P007,2026-03-31,1,1191.82,Completed,1191.82
O00712,C399,P010,2026-08-26,2,1739.65,Completed,3479.3
O00713,C357,P023,2026-09-03,2,3447.6,Completed,6895.2
O00714,C324,P010,2026-04-04,1,1739.65,Completed,1739.65
O00715,C070,P026,2026-02-02,1,1994.05,Completed,1994.05
O00716,C367,P030,2026-08-23,1,2586.92,Completed,2586.92
O00717,C019,P019,2026-05-31,1,849.29,Pending,849.29
O00718,C104,P031,2026-01-23,3,1648.21,Completed,4944.63
O00719,C103,P007,2026-01-22,1,1191.82,Completed,1191.82
O00720,C162,P028,2026-06-08,2,3265.62,Completed,6531.24
O00721,C264,P025,2026-07-23,2,1054.56,Completed,2109.12
O00722,C279,P012,2026-08-31,3,2085.26,Completed,6255.78
O00723,C130,P027,2026-01-19,1,2263.36,Completed,2263.36
O00724,C386,P004,2026-04-08,1,5723.82,Cancelled,5723.82
O00725,C147,P034,2026-07-02,2,5352.74,Completed,10705.48
O00726,C400,P034,2026-01-25,2,5352.74,Completed,10705.48
O00727,C336,P014,2026-06-19,1,3682.56,Completed,3682.56
O00728,C140,P021,2026-03-05,3,3572.03,Completed,10716.09
O00729,C189,P017,2026-08-12,1,6203.54,Completed,6203.54
O00730,C205,P013,2026-08-14,2,4011.81,Completed,8023.62
O00731,C198,P035,2026-06-23,2,6423.94,Completed,12847.88
O00732,C096,P023,2026-09-12,2,3447.6,Cancelled,6895.2
O00733,C355,P031,2026-09-12,1,1648.21,Completed,1648.21
O00734,C189,P012,2026-09-23,1,2085.26,Completed,2085.26
O00735,C137,P015,2026-02-12,1,639.35,Completed,639.35
O00736,C373,P014,2026-08-06,1,3682.56,Completed,3682.56
O00737,C041,P034,2026-08-09,2,5352.74,Cancelled,10705.48
O00738,C309,P028,2026-04-03,1,3265.62,Completed,3265.62
O00739,C280,P023,2026-05-31,2,3447.6,Completed,6895.2
O00740,C165,P029,2026-02-22,3,1836.7,Completed,5510.1
O00741,C041,P032,2026-06-17,2,1798.36,Completed,3596.72
O00742,C339,P038,2026-06-01,3,3361.83,Cancelled,10085.49
O00743,C157,P038,2026-08-17,2,3361.83,Completed,6723.66
O00744,C309,P018,2026-08-07,1,2068.89,Completed,2068.89
O00745,C086,P028,2026-08-16,2,3265.62,Pending,6531.24
O00746,C180,P038,2026-08-17,2,3361.83,Cancelled,6723.66
O00747,C022,P020,2026-06-30,1,1820.46,Pending,1820.46
O00748,C315,P022,2026-08-11,1,5974.06,Completed,5974.06
O00749,C141,P038,2026-01-30,1,3361.83,Cancelled,3361.83
O00750,C039,P008,2026-07-27,2,1763.75,Completed,3527.5
O00751,C187,P010,2026-09-20,1,1739.65,Completed,1739.65
O00752,C384,P036,2026-03-23,1,1134.61,Cancelled,1134.61
O00753,C016,P019,2026-03-15,1,849.29,Completed,849.29
O00754,C312,P023,2026-08-13,2,3447.6,Completed,6895.2
O00755,C018,P012,2026-03-06,1,2085.26,Completed,2085.26
O00756,C035,P032,2026-05-01,1,1798.36,Completed,1798.36
O00757,C399,P031,2026-07-07,2,1648.21,Completed,3296.42
O00758,C186,P005,2026-07-16,1,2624.22,Completed,2624.22
O00759,C291,P032,2026-01-17,1,1798.36,Completed,1798.36
O00760,C310,P017,2026-03-20,1,6203.54,Completed,6203.54
O00761,C348,P035,2026-08-19,1,6423.94,Completed,6423.94
O00762,C190,P035,2026-07-10,2,6423.94,Completed,12847.88
O00763,C228,P022,2026-02-09,1,5974.06,Completed,5974.06
O00764,C294,P009,2026-03-12,3,2813.88,Completed,8441.64
O00765,C272,P038,2026-07-07,1,3361.83,Pending,3361.83
O00766,C204,P012,2026-06-10,2,2085.26,Completed,4170.52
O00767,C333,P018,2026-05-23,2,2068.89,Completed,4137.78
O00768,C128,P019,2026-02-28,1,849.29,Completed,849.29
O00769,C014,P001,2026-04-06,3,4773.29,Completed,14319.87
O00770,C256,P035,2026-09-23,1,6423.94,Completed,6423.94
O00771,C199,P024,2026-03-02,4,2792.31,Cancelled,11169.24
O00772,C135,P024,2026-05-14,2,2792.31,Completed,5584.62
O00773,C361,P004,2026-08-17,4,5723.82,Completed,22895.28
O00774,C110,P025,2026-05-27,1,1054.56,Completed,1054.56
O00775,C356,P004,2026-09-09,3,5723.82,Completed,17171.46
O00776,C103,P037,2026-03-04,1,5429.68,Completed,5429.68
O00777,C070,P036,2026-02-07,3,1134.61,Pending,3403.83
O00778,C232,P021,2026-03-30,1,3572.03,Completed,3572.03
O00779,C366,P030,2026-08-16,1,2586.92,Completed,2586.92
O00780,C045,P029,2026-06-13,3,1836.7,Completed,5510.1
O00781,C342,P037,2026-06-27,1,5429.68,Completed,5429.68
O00782,C364,P038,2026-02-03,1,3361.83,Completed,3361.83
O00783,C282,P001,2026-05-29,2,4773.29,Completed,9546.58
O00784,C154,P029,2026-03-22,4,1836.7,Completed,7346.8
O00785,C365,P011,2026-03-31,1,918.48,Completed,918.48
O00786,C186,P017,2026-09-18,4,6203.54,Completed,24814.16
O00787,C115,P026,2026-03-04,2,1994.05,Completed,3988.1
O00788,C103,P014,2026-03-13,2,3682.56,Completed,7365.12
O00789,C122,P014,2026-09-10,2,3682.56,Completed,7365.12
O00790,C014,P028,2026-07-04,1,3265.62,Completed,3265.62
O00791,C284,P017,2026-07-08,2,6203.54,Completed,12407.08
O00792,C240,P006,2026-03-08,2,6325.48,Completed,12650.96
O00793,C314,P026,2026-02-14,1,1994.05,Completed,1994.05
O00794,C034,P026,2026-06-08,1,1994.05,Completed,1994.05
O00795,C204,P027,2026-09-03,1,2263.36,Completed,2263.36
O00796,C270,P013,2026-07-30,1,4011.81,Completed,4011.81
O00797,C394,P026,2026-07-29,1,1994.05,Completed,1994.05
O00798,C295,P012,2026-02-07,1,2085.26,Completed,2085.26
O00799,C065,P020,2026-06-12,2,1820.46,Completed,3640.92
O00800,C329,P039,2026-02-07,2,610.99,Completed,1221.98
O00801,C231,P012,2026-08-27,1,2085.26,Completed,2085.26
O00802,C349,P011,2026-09-22,1,918.48,Completed,918.48
O00803,C177,P011,2026-03-07,2,918.48,Completed,1836.96
O00804,C400,P033,2026-04-04,2,2896.4,Completed,5792.8
O00805,C394,P020,2026-03-08,1,1820.46,Completed,1820.46
O00806,C222,P026,2026-09-15,1,1994.05,Completed,1994.05
O00807,C029,P028,2026-03-05,1,3265.62,Completed,3265.62
O00808,C266,P030,2026-03-20,2,2586.92,Completed,5173.84
O00809,C156,P032,2026-03-26,4,1798.36,Completed,7193.44
O00810,C083,P029,2026-06-15,3,1836.7,Pending,5510.1
O00811,C364,P031,2026-04-26,1,1648.21,Completed,1648.21
O00812,C178,P028,2026-09-23,1,3265.62,Completed,3265.62
O00813,C146,P028,2026-02-10,1,3265.62,Completed,3265.62
O00814,C129,P035,2026-04-11,3,6423.94,Completed,19271.82
O00815,C326,P040,2026-05-21,1,933.0,Completed,933.0
O00816,C065,P023,2026-06-05,1,3447.6,Completed,3447.6
O00817,C315,P013,2026-02-17,1,4011.81,Pending,4011.81
O00818,C258,P017,2026-03-28,1,6203.54,Completed,6203.54
O00819,C304,P013,2026-03-20,1,4011.81,Cancelled,4011.81
O00820,C088,P026,2026-06-22,2,1994.05,Pending,3988.1
O00821,C289,P008,2026-01-22,1,1763.75,Completed,1763.75
O00822,C015,P012,2026-02-11,2,2085.26,Completed,4170.52
O00823,C024,P012,2026-05-16,1,2085.26,Completed,2085.26
O00824,C334,P004,2026-04-18,1,5723.82,Pending,5723.82
O00825,C393,P022,2026-08-02,1,5974.06,Completed,5974.06
O00826,C317,P017,2026-01-16,2,6203.54,Completed,12407.08
O00827,C255,P030,2026-05-29,2,2586.92,Cancelled,5173.84
O00828,C329,P024,2026-06-04,2,2792.31,Completed,5584.62
O00829,C248,P001,2026-05-06,1,4773.29,Completed,4773.29
O00830,C351,P017,2026-07-27,3,6203.54,Cancelled,18610.62
O00831,C153,P015,2026-08-21,1,639.35,Completed,639.35
O00832,C038,P035,2026-01-31,1,6423.94,Cancelled,6423.94
O00833,C081,P004,2026-08-14,3,5723.82,Completed,17171.46
O00834,C213,P019,2026-09-05,1,849.29,Completed,849.29
O00835,C238,P014,2026-04-15,1,3682.56,Cancelled,3682.56
O00836,C175,P015,2026-03-15,1,639.35,Completed,639.35
O00837,C161,P026,2026-06-13,1,1994.05,Completed,1994.05
O00838,C376,P037,2026-06-26,1,5429.68,Completed,5429.68
O00839,C205,P023,2026-03-08,1,3447.6,Completed,3447.6
O00840,C390,P014,2026-07-09,1,3682.56,Completed,3682.56
O00841,C264,P014,2026-02-24,1,3682.56,Completed,3682.56
O00842,C164,P002,2026-05-04,3,2814.37,Completed,8443.11
O00843,C239,P002,2026-03-04,1,2814.37,Completed,2814.37
O00844,C137,P004,2026-08-19,1,5723.82,Completed,5723.82
O00845,C127,P034,2026-03-14,1,5352.74,Cancelled,5352.74
O00846,C050,P001,2026-01-26,2,4773.29,Completed,9546.58
O00847,C149,P018,2026-07-16,2,2068.89,Completed,4137.78
O00848,C316,P002,2026-08-03,3,2814.37,Completed,8443.11
O00849,C128,P020,2026-03-23,3,1820.46,Completed,5461.38
O00850,C168,P025,2026-06-10,2,1054.56,Completed,2109.12
O00851,C098,P003,2026-03-23,1,1604.77,Completed,1604.77
O00852,C256,P015,2026-09-21,3,639.35,Completed,1918.05
O00853,C240,P019,2026-09-13,1,849.29,Completed,849.29
O00854,C158,P014,2026-09-12,1,3682.56,Cancelled,3682.56
O00855,C012,P038,2026-02-16,2,3361.83,Cancelled,6723.66
O00856,C202,P039,2026-09-16,1,610.99,Completed,610.99
O00857,C235,P008,2026-05-04,1,1763.75,Cancelled,1763.75
O00858,C111,P013,2026-06-30,2,4011.81,Completed,8023.62
O00859,C025,P012,2026-01-26,1,2085.26,Completed,2085.26
O00860,C145,P022,2026-09-11,1,5974.06,Completed,5974.06
O00861,C306,P015,2026-08-29,2,639.35,Completed,1278.7
O00862,C147,P005,2026-01-05,4,2624.22,Completed,10496.88
O00863,C056,P010,2026-08-09,1,1739.65,Completed,1739.65
O00864,C069,P028,2026-05-16,2,3265.62,Completed,6531.24
O00865,C373,P015,2026-07-07,1,639.35,Completed,639.35
O00866,C392,P017,2026-07-26,2,6203.54,Completed,12407.08
O00867,C188,P002,2026-01-24,1,2814.37,Completed,2814.37
O00868,C206,P009,2026-01-27,1,2813.88,Cancelled,2813.88
O00869,C292,P038,2026-04-10,1,3361.83,Completed,3361.83
O00870,C186,P035,2026-05-28,1,6423.94,Completed,6423.94
O00871,C038,P024,2026-07-17,1,2792.31,Completed,2792.31
O00872,C259,P015,2026-08-19,3,639.35,Completed,1918.05
O00873,C392,P007,2026-05-24,1,1191.82,Completed,1191.82
O00874,C320,P009,2026-03-02,1,2813.88,Completed,2813.88
O00875,C066,P004,2026-02-19,2,5723.82,Completed,11447.64
O00876,C202,P030,2026-07-11,1,2586.92,Completed,2586.92
O00877,C174,P038,2026-07-07,2,3361.83,Completed,6723.66
O00878,C387,P039,2026-03-15,1,610.99,Completed,610.99
O00879,C102,P003,2026-09-18,1,1604.77,Completed,1604.77
O00880,C206,P010,2026-09-14,1,1739.65,Pending,1739.65
O00881,C021,P032,2026-01-24,1,1798.36,Completed,1798.36
O00882,C020,P027,2026-03-12,1,2263.36,Completed,2263.36
O00883,C366,P002,2026-06-20,2,2814.37,Pending,5628.74
O00884,C243,P008,2026-09-23,1,1763.75,Completed,1763.75
O00885,C234,P024,2026-03-18,1,2792.31,Completed,2792.31
O00886,C311,P021,2026-09-21,1,3572.03,Completed,3572.03
O00887,C072,P014,2026-06-17,4,3682.56,Completed,14730.24
O00888,C314,P008,2026-06-13,2,1763.75,Completed,3527.5
O00889,C084,P023,2026-07-21,1,3447.6,Completed,3447.6
O00890,C316,P029,2026-06-03,1,1836.7,Completed,1836.7
O00891,C304,P022,2026-06-22,1,5974.06,Completed,5974.06
O00892,C260,P034,2026-09-18,3,5352.74,Completed,16058.22
O00893,C273,P031,2026-09-08,2,1648.21,Completed,3296.42
O00894,C363,P026,2026-06-03,1,1994.05,Completed,1994.05
O00895,C244,P030,2026-01-09,1,2586.92,Completed,2586.92
O00896,C189,P004,2026-06-19,1,5723.82,Completed,5723.82
O00897,C345,P031,2026-02-26,2,1648.21,Completed,3296.42
O00898,C214,P021,2026-06-07,1,3572.03,Cancelled,3572.03
O00899,C372,P002,2026-01-14,4,2814.37,Completed,11257.48
O00900,C306,P005,2026-08-31,1,2624.22,Completed,2624.22
O00901,C136,P033,2026-04-27,2,2896.4,Completed,5792.8
O00902,C370,P021,2026-01-27,1,3572.03,Completed,3572.03
O00903,C299,P012,2026-09-03,1,2085.26,Cancelled,2085.26
O00904,C088,P030,2026-09-26,1,2586.92,Completed,2586.92
O00905,C323,P009,2026-07-14,3,2813.88,Pending,8441.64
O00906,C076,P018,2026-05-05,1,2068.89,Completed,2068.89
O00907,C017,P024,2026-02-26,1,2792.31,Completed,2792.31
O00908,C098,P020,2026-01-10,2,1820.46,Completed,3640.92
O00909,C226,P013,2026-06-10,2,4011.81,Completed,8023.62
O00910,C215,P021,2026-03-19,1,3572.03,Cancelled,3572.03
O00911,C212,P007,2026-04-15,1,1191.82,Completed,1191.82
O00912,C211,P036,2026-09-14,3,1134.61,Completed,3403.83
O00913,C397,P002,2026-08-30,1,2814.37,Completed,2814.37
O00914,C377,P029,2026-02-01,1,1836.7,Completed,1836.7
O00915,C362,P015,2026-03-12,2,639.35,Completed,1278.7
O00916,C266,P020,2026-04-17,1,1820.46,Completed,1820.46
O00917,C288,P037,2026-06-16,3,5429.68,Completed,16289.04
O00918,C340,P033,2026-09-02,1,2896.4,Completed,2896.4
O00919,C270,P030,2026-07-12,3,2586.92,Completed,7760.76
O00920,C161,P028,2026-03-30,2,3265.62,Completed,6531.24
O00921,C236,P013,2026-09-30,2,4011.81,Completed,8023.62
O00922,C176,P005,2026-07-01,1,2624.22,Completed,2624.22
O00923,C347,P026,2026-05-16,1,1994.05,Cancelled,1994.05
O00924,C313,P038,2026-09-05,1,3361.83,Completed,3361.83
O00925,C099,P007,2026-05-07,1,1191.82,Completed,1191.82
O00926,C143,P003,2026-06-02,3,1604.77,Pending,4814.31
O00927,C116,P035,2026-06-02,1,6423.94,Completed,6423.94
O00928,C395,P015,2026-05-28,2,639.35,Completed,1278.7
O00929,C361,P010,2026-04-17,1,1739.65,Completed,1739.65
O00930,C354,P003,2026-09-08,1,1604.77,Completed,1604.77
O00931,C163,P040,2026-09-03,1,933.0,Completed,933.0
O00932,C179,P032,2026-05-21,2,1798.36,Completed,3596.72
O00933,C148,P008,2026-03-04,1,1763.75,Completed,1763.75
O00934,C294,P001,2026-07-14,2,4773.29,Completed,9546.58
O00935,C203,P018,2026-06-26,2,2068.89,Completed,4137.78
O00936,C396,P016,2026-03-16,1,1011.57,Completed,1011.57
O00937,C149,P027,2026-01-22,1,2263.36,Completed,2263.36
O00938,C148,P007,2026-02-10,1,1191.82,Cancelled,1191.82
O00939,C178,P020,2026-08-15,1,1820.46,Cancelled,1820.46
O00940,C336,P034,2026-05-12,2,5352.74,Completed,10705.48
O00941,C383,P030,2026-09-03,1,2586.92,Completed,2586.92
O00942,C110,P009,2026-04-14,2,2813.88,Completed,5627.76
O00943,C276,P016,2026-05-19,1,1011.57,Completed,1011.57
O00944,C288,P017,2026-05-20,3,6203.54,Completed,18610.62
O00945,C071,P001,2026-02-25,1,4773.29,Completed,4773.29
O00946,C316,P021,2026-05-03,3,3572.03,Completed,10716.09
O00947,C125,P013,2026-01-26,1,4011.81,Completed,4011.81
O00948,C343,P029,2026-09-29,1,1836.7,Completed,1836.7
O00949,C116,P029,2026-04-30,1,1836.7,Completed,1836.7
O00950,C027,P024,2026-02-21,1,2792.31,Completed,2792.31
O00951,C212,P006,2026-06-19,1,6325.48,Completed,6325.48
O00952,C368,P007,2026-08-30,1,1191.82,Completed,1191.82
O00953,C052,P005,2026-03-12,1,2624.22,Completed,2624.22
O00954,C003,P017,2026-03-22,2,6203.54,Completed,12407.08
O00955,C209,P040,2026-09-01,2,933.0,Completed,1866.0
O00956,C245,P006,2026-04-13,2,6325.48,Completed,12650.96
O00957,C388,P030,2026-05-28,1,2586.92,Completed,2586.92
O00958,C165,P033,2026-05-27,1,2896.4,Pending,2896.4
O00959,C331,P006,2026-01-31,2,6325.48,Completed,12650.96
O00960,C394,P036,2026-02-15,1,1134.61,Completed,1134.61
O00961,C334,P036,2026-04-29,1,1134.61,Cancelled,1134.61
O00962,C274,P038,2026-01-20,1,3361.83,Completed,3361.83
O00963,C090,P023,2026-08-02,1,3447.6,Completed,3447.6
O00964,C091,P032,2026-01-19,1,1798.36,Completed,1798.36
O00965,C204,P019,2026-09-11,1,849.29,Completed,849.29
O00966,C096,P009,2026-05-29,1,2813.88,Pending,2813.88
O00967,C020,P022,2026-01-05,3,5974.06,Completed,17922.18
O00968,C153,P026,2026-02-24,1,1994.05,Completed,1994.05
O00969,C172,P035,2026-05-26,1,6423.94,Completed,6423.94
O00970,C233,P035,2026-09-26,2,6423.94,Completed,12847.88
O00971,C253,P034,2026-03-10,1,5352.74,Pending,5352.74
O00972,C259,P010,2026-08-28,1,1739.65,Completed,1739.65
O00973,C140,P009,2026-04-09,3,2813.88,Completed,8441.64
O00974,C058,P038,2026-06-19,4,3361.83,Cancelled,13447.32
O00975,C084,P017,2026-08-23,1,6203.54,Completed,6203.54
O00976,C332,P022,2026-05-12,2,5974.06,Completed,11948.12
O00977,C368,P027,2026-04-06,1,2263.36,Completed,2263.36
O00978,C008,P011,2026-06-22,1,918.48,Cancelled,918.48
O00979,C152,P009,2026-04-09,3,2813.88,Completed,8441.64
O00980,C090,P030,2026-07-27,3,2586.92,Completed,7760.76
O00981,C219,P036,2026-09-21,1,1134.61,Completed,1134.61
O00982,C168,P008,2026-02-14,2,1763.75,Completed,3527.5
O00983,C206,P019,2026-02-18,2,849.29,Pending,1698.58
O00984,C095,P023,2026-03-13,1,3447.6,Completed,3447.6
O00985,C245,P039,2026-06-15,2,610.99,Completed,1221.98
O00986,C128,P008,2026-01-04,2,1763.75,Completed,3527.5
O00987,C134,P031,2026-07-16,1,1648.21,Completed,1648.21
O00988,C121,P002,2026-08-17,2,2814.37,Completed,5628.74
O00989,C386,P023,2026-05-17,1,3447.6,Pending,3447.6
O00990,C169,P040,2026-06-04,1,933.0,Completed,933.0
O00991,C299,P022,2026-01-06,2,5974.06,Pending,11948.12
O00992,C134,P007,2026-07-04,1,1191.82,Completed,1191.82
O00993,C355,P014,2026-05-01,1,3682.56,Completed,3682.56
O00994,C032,P025,2026-03-02,2,1054.56,Completed,2109.12
O00995,C239,P009,2026-06-07,1,2813.88,Cancelled,2813.88
O00996,C082,P029,2026-07-27,1,1836.7,Completed,1836.7
O00997,C352,P035,2026-09-15,1,6423.94,Completed,6423.94
O00998,C361,P036,2026-06-09,2,1134.61,Completed,2269.22
O00999,C354,P001,2026-03-02,1,4773.29,Cancelled,4773.29
O01000,C328,P040,2026-06-01,3,933.0,Completed,2799.0
O01001,C189,P010,2026-04-24,1,1739.65,Completed,1739.65
O01002,C113,P012,2026-03-10,1,2085.26,Completed,2085.26
O01003,C245,P032,2026-03-20,1,1798.36,Cancelled,1798.36
O01004,C233,P003,2026-07-11,1,1604.77,Completed,1604.77
O01005,C213,P004,2026-08-30,1,5723.82,Completed,5723.82
O01006,C388,P032,2026-04-22,1,1798.36,Completed,1798.36
O01007,C391,P035,2026-05-07,1,6423.94,Completed,6423.94
O01008,C349,P005,2026-02-11,1,2624.22,Completed,2624.22
O01009,C270,P037,2026-08-17,2,5429.68,Completed,10859.36
O01010,C271,P002,2026-07-05,1,2814.37,Completed,2814.37
O01011,C040,P013,2026-02-27,1,4011.81,Completed,4011.81
O01012,C032,P022,2026-09-16,2,5974.06,Completed,11948.12
O01013,C104,P027,2026-03-18,2,2263.36,Completed,4526.72
O01014,C085,P008,2026-06-17,1,1763.75,Completed,1763.75
O01015,C267,P033,2026-08-15,1,2896.4,Completed,2896.4
O01016,C060,P022,2026-04-16,1,5974.06,Completed,5974.06
O01017,C368,P027,2026-09-08,1,2263.36,Completed,2263.36
O01018,C047,P010,2026-09-19,1,1739.65,Completed,1739.65
O01019,C229,P015,2026-01-29,2,639.35,Completed,1278.7
O01020,C233,P030,2026-03-09,4,2586.92,Completed,10347.68
O01021,C263,P027,2026-08-01,2,2263.36,Completed,4526.72
O01022,C234,P039,2026-01-30,1,610.99,Completed,610.99
O01023,C287,P010,2026-08-25,1,1739.65,Completed,1739.65
O01024,C345,P016,2026-06-07,1,1011.57,Completed,1011.57
O01025,C371,P013,2026-01-12,1,4011.81,Completed,4011.81
O01026,C203,P030,2026-05-11,2,2586.92,Completed,5173.84
O01027,C002,P022,2026-04-22,2,5974.06,Completed,11948.12
O01028,C297,P037,2026-02-07,3,5429.68,Completed,16289.04
O01029,C024,P002,2026-08-05,3,2814.37,Completed,8443.11
O01030,C177,P001,2026-02-02,3,4773.29,Completed,14319.87
O01031,C278,P005,2026-01-31,1,2624.22,Completed,2624.22
O01032,C036,P021,2026-08-30,2,3572.03,Completed,7144.06
O01033,C017,P013,2026-05-27,1,4011.81,Completed,4011.81
O01034,C210,P032,2026-04-03,1,1798.36,Completed,1798.36
O01035,C394,P013,2026-03-11,2,4011.81,Completed,8023.62
O01036,C393,P005,2026-08-04,2,2624.22,Completed,5248.44
O01037,C192,P021,2026-07-15,3,3572.03,Completed,10716.09
O01038,C230,P028,2026-07-13,1,3265.62,Completed,3265.62
O01039,C193,P012,2026-02-11,1,2085.26,Completed,2085.26
O01040,C350,P006,2026-03-10,2,6325.48,Completed,12650.96
O01041,C335,P005,2026-06-28,1,2624.22,Completed,2624.22
O01042,C061,P002,2026-04-02,1,2814.37,Completed,2814.37
O01043,C276,P010,2026-07-21,1,1739.65,Completed,1739.65
O01044,C271,P037,2026-03-07,3,5429.68,Completed,16289.04
O01045,C373,P005,2026-04-25,2,2624.22,Cancelled,5248.44
O01046,C002,P015,2026-01-12,2,639.35,Completed,1278.7
O01047,C153,P020,2026-08-26,2,1820.46,Completed,3640.92
O01048,C345,P036,2026-08-06,1,1134.61,Completed,1134.61
O01049,C273,P004,2026-07-14,2,5723.82,Completed,11447.64
O01050,C118,P040,2026-05-07,1,933.0,Completed,933.0
O01051,C236,P005,2026-06-27,1,2624.22,Completed,2624.22
O01052,C080,P019,2026-05-22,4,849.29,Completed,3397.16
O01053,C097,P035,2026-02-27,1,6423.94,Completed,6423.94
O01054,C017,P003,2026-08-03,1,1604.77,Completed,1604.77
O01055,C315,P013,2026-01-09,2,4011.81,Cancelled,8023.62
O01056,C124,P017,2026-04-16,2,6203.54,Completed,12407.08
O01057,C035,P013,2026-02-21,3,4011.81,Completed,12035.43
O01058,C305,P012,2026-01-18,2,2085.26,Completed,4170.52
O01059,C229,P035,2026-01-25,1,6423.94,Completed,6423.94
O01060,C126,P039,2026-01-23,1,610.99,Completed,610.99
O01061,C206,P020,2026-08-13,2,1820.46,Completed,3640.92
O01062,C120,P003,2026-04-22,1,1604.77,Completed,1604.77
O01063,C387,P027,2026-01-29,2,2263.36,Completed,4526.72
O01064,C072,P031,2026-09-15,4,1648.21,Completed,6592.84
O01065,C149,P027,2026-04-30,2,2263.36,Pending,4526.72
O01066,C375,P025,2026-06-13,1,1054.56,Pending,1054.56
O01067,C296,P033,2026-06-14,4,2896.4,Completed,11585.6
O01068,C122,P009,2026-06-04,1,2813.88,Completed,2813.88
O01069,C074,P022,2026-09-24,1,5974.06,Completed,5974.06
O01070,C114,P021,2026-07-31,4,3572.03,Completed,14288.12
O01071,C154,P010,2026-05-21,2,1739.65,Completed,3479.3
O01072,C032,P038,2026-03-31,3,3361.83,Completed,10085.49
O01073,C321,P013,2026-08-07,2,4011.81,Completed,8023.62
O01074,C285,P024,2026-09-11,3,2792.31,Completed,8376.93
O01075,C025,P022,2026-06-26,1,5974.06,Pending,5974.06
O01076,C330,P020,2026-07-15,3,1820.46,Completed,5461.38
O01077,C269,P015,2026-06-13,1,639.35,Completed,639.35
O01078,C357,P034,2026-08-02,2,5352.74,Completed,10705.48
O01079,C210,P024,2026-03-18,1,2792.31,Completed,2792.31
O01080,C154,P001,2026-07-12,1,4773.29,Completed,4773.29
O01081,C095,P033,2026-08-31,1,2896.4,Completed,2896.4
O01082,C124,P022,2026-04-26,2,5974.06,Completed,11948.12
O01083,C154,P024,2026-03-15,1,2792.31,Completed,2792.31
O01084,C238,P036,2026-01-30,1,1134.61,Completed,1134.61
O01085,C288,P038,2026-07-31,2,3361.83,Completed,6723.66
O01086,C214,P015,2026-09-29,4,639.35,Completed,2557.4
O01087,C069,P005,2026-07-18,2,2624.22,Completed,5248.44
O01088,C125,P020,2026-05-11,1,1820.46,Completed,1820.46
O01089,C105,P016,2026-06-19,1,1011.57,Completed,1011.57
O01090,C332,P032,2026-02-10,1,1798.36,Completed,1798.36
O01091,C231,P005,2026-07-09,1,2624.22,Completed,2624.22
O01092,C048,P021,2026-04-08,1,3572.03,Completed,3572.03
O01093,C027,P009,2026-05-18,1,2813.88,Completed,2813.88
O01094,C194,P012,2026-01-21,1,2085.26,Cancelled,2085.26
O01095,C038,P001,2026-04-07,2,4773.29,Completed,9546.58
O01096,C390,P028,2026-04-22,2,3265.62,Completed,6531.24
O01097,C246,P022,2026-04-17,1,5974.06,Completed,5974.06
O01098,C171,P004,2026-06-05,1,5723.82,Pending,5723.82
O01099,C008,P015,2026-04-19,1,639.35,Cancelled,639.35
O01100,C098,P014,2026-03-02,1,3682.56,Completed,3682.56
O01101,C383,P003,2026-09-03,3,1604.77,Completed,4814.31
O01102,C125,P016,2026-04-15,1,1011.57,Cancelled,1011.57
O01103,C204,P022,2026-05-03,1,5974.06,Completed,5974.06
O01104,C283,P032,2026-06-14,1,1798.36,Completed,1798.36
O01105,C398,P019,2026-05-25,3,849.29,Completed,2547.87
O01106,C195,P020,2026-08-27,1,1820.46,Completed,1820.46
O01107,C274,P033,2026-07-03,1,2896.4,Completed,2896.4
O01108,C158,P028,2026-05-14,2,3265.62,Cancelled,6531.24
O01109,C185,P025,2026-09-20,3,1054.56,Completed,3163.68
O01110,C255,P032,2026-08-27,1,1798.36,Completed,1798.36
O01111,C051,P017,2026-08-29,3,6203.54,Completed,18610.62
O01112,C390,P015,2026-06-13,2,639.35,Completed,1278.7
O01113,C105,P006,2026-07-09,2,6325.48,Completed,12650.96
O01114,C161,P018,2026-07-31,1,2068.89,Completed,2068.89
O01115,C024,P010,2026-04-24,1,1739.65,Completed,1739.65
O01116,C380,P032,2026-03-16,1,1798.36,Completed,1798.36
O01117,C009,P029,2026-05-14,3,1836.7,Completed,5510.1
O01118,C284,P001,2026-08-02,1,4773.29,Completed,4773.29
O01119,C152,P033,2026-03-20,2,2896.4,Completed,5792.8
O01120,C101,P029,2026-06-18,1,1836.7,Completed,1836.7
O01121,C118,P026,2026-07-14,1,1994.05,Completed,1994.05
O01122,C292,P004,2026-05-06,1,5723.82,Completed,5723.82
O01123,C256,P018,2026-06-22,1,2068.89,Completed,2068.89
O01124,C132,P009,2026-09-08,1,2813.88,Completed,2813.88
O01125,C371,P020,2026-09-09,1,1820.46,Completed,1820.46
O01126,C236,P030,2026-03-28,1,2586.92,Completed,2586.92
O01127,C376,P010,2026-06-30,1,1739.65,Completed,1739.65
O01128,C087,P037,2026-03-13,2,5429.68,Pending,10859.36
O01129,C369,P031,2026-09-08,1,1648.21,Completed,1648.21
O01130,C095,P015,2026-01-31,1,639.35,Completed,639.35
O01131,C269,P013,2026-01-18,1,4011.81,Cancelled,4011.81
O01132,C039,P032,2026-01-25,1,1798.36,Completed,1798.36
O01133,C392,P017,2026-01-04,1,6203.54,Completed,6203.54
O01134,C212,P021,2026-03-12,1,3572.03,Cancelled,3572.03
O01135,C323,P018,2026-04-29,1,2068.89,Completed,2068.89
O01136,C035,P035,2026-03-19,1,6423.94,Completed,6423.94
O01137,C005,P006,2026-04-22,1,6325.48,Completed,6325.48
O01138,C259,P039,2026-08-22,1,610.99,Completed,610.99
O01139,C192,P006,2026-01-31,4,6325.48,Completed,25301.92
O01140,C317,P015,2026-09-05,2,639.35,Pending,1278.7
O01141,C338,P020,2026-09-07,1,1820.46,Completed,1820.46
O01142,C009,P010,2026-01-04,2,1739.65,Completed,3479.3
O01143,C273,P010,2026-07-30,1,1739.65,Completed,1739.65
O01144,C007,P013,2026-01-09,1,4011.81,Completed,4011.81
O01145,C272,P019,2026-05-21,4,849.29,Completed,3397.16
O01146,C275,P040,2026-05-27,1,933.0,Completed,933.0
O01147,C009,P035,2026-09-15,2,6423.94,Completed,12847.88
O01148,C358,P002,2026-08-09,1,2814.37,Completed,2814.37
O01149,C092,P013,2026-02-24,3,4011.81,Completed,12035.43
O01150,C050,P037,2026-09-26,2,5429.68,Completed,10859.36
O01151,C077,P007,2026-05-04,1,1191.82,Completed,1191.82
O01152,C099,P017,2026-09-27,1,6203.54,Completed,6203.54
O01153,C130,P037,2026-07-01,1,5429.68,Completed,5429.68
O01154,C137,P014,2026-07-23,1,3682.56,Completed,3682.56
O01155,C041,P032,2026-07-11,1,1798.36,Completed,1798.36
O01156,C208,P020,2026-08-24,1,1820.46,Completed,1820.46
O01157,C290,P027,2026-05-05,1,2263.36,Completed,2263.36
O01158,C357,P028,2026-04-26,1,3265.62,Completed,3265.62
O01159,C154,P034,2026-02-11,3,5352.74,Pending,16058.22
O01160,C335,P002,2026-01-17,1,2814.37,Cancelled,2814.37
O01161,C048,P037,2026-07-27,1,5429.68,Pending,5429.68
O01162,C195,P009,2026-07-13,2,2813.88,Completed,5627.76
O01163,C283,P013,2026-09-01,1,4011.81,Completed,4011.81
O01164,C029,P003,2026-01-05,1,1604.77,Completed,1604.77
O01165,C360,P014,2026-03-29,3,3682.56,Completed,11047.68
O01166,C043,P016,2026-09-13,4,1011.57,Completed,4046.28
O01167,C223,P023,2026-06-19,1,3447.6,Completed,3447.6
O01168,C290,P025,2026-02-18,1,1054.56,Completed,1054.56
O01169,C271,P039,2026-01-22,1,610.99,Completed,610.99
O01170,C118,P027,2026-04-19,1,2263.36,Pending,2263.36
O01171,C355,P016,2026-09-01,1,1011.57,Completed,1011.57
O01172,C139,P037,2026-01-24,2,5429.68,Completed,10859.36
O01173,C039,P011,2026-05-24,1,918.48,Completed,918.48
O01174,C279,P018,2026-01-17,1,2068.89,Completed,2068.89
O01175,C092,P033,2026-06-11,3,2896.4,Completed,8689.2
O01176,C009,P026,2026-04-17,3,1994.05,Completed,5982.15
O01177,C301,P015,2026-03-15,2,639.35,Completed,1278.7
O01178,C386,P012,2026-07-23,1,2085.26,Completed,2085.26
O01179,C040,P029,2026-06-03,2,1836.7,Completed,3673.4
O01180,C084,P005,2026-05-04,1,2624.22,Completed,2624.22
O01181,C291,P039,2026-07-19,1,610.99,Completed,610.99
O01182,C347,P035,2026-06-19,2,6423.94,Cancelled,12847.88
O01183,C197,P008,2026-03-13,1,1763.75,Completed,1763.75
O01184,C353,P034,2026-02-10,1,5352.74,Completed,5352.74
O01185,C257,P024,2026-06-27,1,2792.31,Completed,2792.31
O01186,C028,P025,2026-02-20,3,1054.56,Completed,3163.68
O01187,C224,P013,2026-04-29,2,4011.81,Completed,8023.62
O01188,C039,P033,2026-06-24,1,2896.4,Pending,2896.4
O01189,C310,P016,2026-07-23,1,1011.57,Completed,1011.57
O01190,C397,P008,2026-06-17,2,1763.75,Completed,3527.5
O01191,C016,P020,2026-05-20,4,1820.46,Completed,7281.84
O01192,C231,P026,2026-09-09,1,1994.05,Completed,1994.05
O01193,C117,P001,2026-07-02,1,4773.29,Completed,4773.29
O01194,C284,P014,2026-07-12,1,3682.56,Completed,3682.56
O01195,C222,P039,2026-04-06,2,610.99,Completed,1221.98
O01196,C349,P002,2026-07-14,2,2814.37,Completed,5628.74
O01197,C044,P039,2026-06-01,3,610.99,Completed,1832.97
O01198,C127,P040,2026-02-07,2,933.0,Completed,1866.0
O01199,C043,P030,2026-05-18,3,2586.92,Completed,7760.76
O01200,C079,P033,2026-07-14,2,2896.4,Completed,5792.8
O01201,C365,P001,2026-03-20,1,4773.29,Completed,4773.29
O01202,C379,P026,2026-07-19,1,1994.05,Completed,1994.05
O01203,C163,P002,2026-07-04,1,2814.37,Cancelled,2814.37
O01204,C055,P014,2026-02-16,1,3682.56,Completed,3682.56
O01205,C003,P013,2026-06-07,4,4011.81,Completed,16047.24
O01206,C228,P009,2026-07-04,1,2813.88,Completed,2813.88
O01207,C390,P034,2026-05-19,1,5352.74,Completed,5352.74
O01208,C053,P034,2026-03-09,1,5352.74,Completed,5352.74
O01209,C045,P010,2026-04-06,2,1739.65,Completed,3479.3
O01210,C221,P033,2026-08-18,1,2896.4,Completed,2896.4
O01211,C286,P022,2026-09-20,1,5974.06,Completed,5974.06
O01212,C209,P010,2026-02-22,1,1739.65,Completed,1739.65
O01213,C014,P038,2026-02-15,1,3361.83,Completed,3361.83
O01214,C182,P018,2026-02-17,2,2068.89,Completed,4137.78
O01215,C306,P015,2026-06-16,2,639.35,Cancelled,1278.7
O01216,C198,P031,2026-01-07,2,1648.21,Completed,3296.42
O01217,C150,P001,2026-07-31,1,4773.29,Completed,4773.29
O01218,C199,P028,2026-02-13,1,3265.62,Completed,3265.62
O01219,C372,P009,2026-05-05,1,2813.88,Pending,2813.88
O01220,C293,P024,2026-09-24,1,2792.31,Completed,2792.31
O01221,C087,P040,2026-07-14,2,933.0,Completed,1866.0
O01222,C087,P037,2026-03-13,1,5429.68,Completed,5429.68
O01223,C138,P018,2026-06-04,1,2068.89,Completed,2068.89
O01224,C138,P015,2026-09-10,1,639.35,Completed,639.35
O01225,C075,P039,2026-02-02,1,610.99,Completed,610.99
O01226,C086,P019,2026-08-11,4,849.29,Completed,3397.16
O01227,C142,P032,2026-08-04,1,1798.36,Completed,1798.36
O01228,C154,P027,2026-09-05,1,2263.36,Completed,2263.36
O01229,C040,P024,2026-07-04,2,2792.31,Completed,5584.62
O01230,C129,P008,2026-05-07,1,1763.75,Completed,1763.75
O01231,C370,P035,2026-09-11,1,6423.94,Completed,6423.94
O01232,C305,P016,2026-04-11,2,1011.57,Pending,2023.14
O01233,C235,P029,2026-02-24,2,1836.7,Completed,3673.4
O01234,C070,P025,2026-06-05,1,1054.56,Completed,1054.56
O01235,C004,P029,2026-07-22,2,1836.7,Completed,3673.4
O01236,C171,P015,2026-07-14,1,639.35,Completed,639.35
O01237,C169,P037,2026-08-14,2,5429.68,Completed,10859.36
O01238,C172,P031,2026-08-09,2,1648.21,Completed,3296.42
O01239,C334,P012,2026-03-11,1,2085.26,Completed,2085.26
O01240,C154,P007,2026-06-14,1,1191.82,Completed,1191.82
O01241,C309,P029,2026-04-13,3,1836.7,Pending,5510.1
O01242,C246,P019,2026-06-10,2,849.29,Completed,1698.58
O01243,C091,P033,2026-07-23,1,2896.4,Completed,2896.4
O01244,C164,P032,2026-05-30,1,1798.36,Pending,1798.36
O01245,C377,P012,2026-09-09,3,2085.26,Completed,6255.78
O01246,C295,P019,2026-05-05,2,849.29,Cancelled,1698.58
O01247,C167,P024,2026-07-12,1,2792.31,Completed,2792.31
O01248,C144,P038,2026-07-21,3,3361.83,Completed,10085.49
O01249,C187,P003,2026-02-28,1,1604.77,Completed,1604.77
O01250,C289,P013,2026-04-13,1,4011.81,Completed,4011.81
O01251,C304,P037,2026-04-03,2,5429.68,Completed,10859.36
O01252,C350,P023,2026-01-14,1,3447.6,Completed,3447.6
O01253,C373,P001,2026-08-25,1,4773.29,Completed,4773.29
O01254,C363,P017,2026-04-18,3,6203.54,Completed,18610.62
O01255,C225,P040,2026-05-30,1,933.0,Completed,933.0
O01256,C355,P030,2026-02-05,1,2586.92,Completed,2586.92
O01257,C210,P017,2026-09-13,3,6203.54,Completed,18610.62
O01258,C072,P020,2026-06-05,1,1820.46,Completed,1820.46
O01259,C124,P036,2026-05-10,1,1134.61,Completed,1134.61
O01260,C338,P007,2026-03-20,1,1191.82,Completed,1191.82
O01261,C367,P032,2026-08-05,1,1798.36,Completed,1798.36
O01262,C194,P005,2026-02-07,1,2624.22,Completed,2624.22
O01263,C230,P034,2026-09-03,2,5352.74,Completed,10705.48
O01264,C299,P006,2026-07-25,1,6325.48,Pending,6325.48
O01265,C274,P032,2026-09-17,2,1798.36,Completed,3596.72
O01266,C355,P019,2026-08-03,2,849.29,Completed,1698.58
O01267,C279,P035,2026-01-19,1,6423.94,Completed,6423.94
O01268,C185,P013,2026-02-13,1,4011.81,Completed,4011.81
O01269,C056,P017,2026-05-08,2,6203.54,Completed,12407.08
O01270,C337,P009,2026-07-01,1,2813.88,Completed,2813.88
O01271,C086,P037,2026-01-23,1,5429.68,Completed,5429.68
O01272,C289,P033,2026-07-24,2,2896.4,Completed,5792.8
O01273,C386,P020,2026-06-19,2,1820.46,Completed,3640.92
O01274,C221,P039,2026-02-24,1,610.99,Completed,610.99
O01275,C006,P011,2026-02-20,1,918.48,Completed,918.48
O01276,C133,P030,2026-04-24,1,2586.92,Cancelled,2586.92
O01277,C262,P016,2026-09-23,2,1011.57,Completed,2023.14
O01278,C286,P021,2026-04-24,1,3572.03,Pending,3572.03
O01279,C229,P026,2026-07-11,1,1994.05,Completed,1994.05
O01280,C201,P036,2026-08-26,1,1134.61,Completed,1134.61
O01281,C396,P002,2026-09-14,2,2814.37,Completed,5628.74
O01282,C078,P025,2026-06-26,1,1054.56,Completed,1054.56
O01283,C013,P026,2026-09-05,3,1994.05,Completed,5982.15
O01284,C054,P017,2026-06-01,1,6203.54,Cancelled,6203.54
O01285,C213,P035,2026-02-13,2,6423.94,Completed,12847.88
O01286,C060,P032,2026-03-14,2,1798.36,Completed,3596.72
O01287,C179,P029,2026-06-09,2,1836.7,Completed,3673.4
O01288,C176,P003,2026-08-22,2,1604.77,Completed,3209.54
O01289,C106,P009,2026-09-24,1,2813.88,Completed,2813.88
O01290,C248,P011,2026-06-28,2,918.48,Completed,1836.96
O01291,C244,P021,2026-02-19,2,3572.03,Completed,7144.06
O01292,C225,P018,2026-08-20,4,2068.89,Completed,8275.56
O01293,C164,P022,2026-02-04,3,5974.06,Cancelled,17922.18
O01294,C154,P025,2026-01-23,2,1054.56,Completed,2109.12
O01295,C364,P015,2026-02-28,1,639.35,Completed,639.35
O01296,C012,P001,2026-06-25,4,4773.29,Completed,19093.16
O01297,C332,P024,2026-02-25,1,2792.31,Completed,2792.31
O01298,C347,P039,2026-03-26,1,610.99,Completed,610.99
O01299,C380,P025,2026-05-05,2,1054.56,Completed,2109.12
O01300,C265,P014,2026-03-31,1,3682.56,Cancelled,3682.56
O01301,C283,P032,2026-03-23,2,1798.36,Completed,3596.72
O01302,C170,P035,2026-08-07,2,6423.94,Completed,12847.88
O01303,C237,P006,2026-04-29,1,6325.48,Completed,6325.48
O01304,C208,P014,2026-04-05,1,3682.56,Completed,3682.56
O01305,C096,P017,2026-08-10,2,6203.54,Completed,12407.08
O01306,C203,P030,2026-01-15,1,2586.92,Completed,2586.92
O01307,C378,P009,2026-04-12,2,2813.88,Pending,5627.76
O01308,C231,P035,2026-08-08,4,6423.94,Completed,25695.76
O01309,C200,P029,2026-01-03,3,1836.7,Completed,5510.1
O01310,C361,P039,2026-04-20,3,610.99,Completed,1832.97
O01311,C106,P020,2026-05-23,1,1820.46,Completed,1820.46
O01312,C386,P015,2026-02-02,1,639.35,Completed,639.35
O01313,C296,P038,2026-02-22,1,3361.83,Completed,3361.83
O01314,C275,P007,2026-04-06,2,1191.82,Completed,2383.64
O01315,C188,P016,2026-06-16,1,1011.57,Completed,1011.57
O01316,C101,P032,2026-08-23,2,1798.36,Completed,3596.72
O01317,C059,P037,2026-05-15,1,5429.68,Completed,5429.68
O01318,C344,P001,2026-09-08,1,4773.29,Completed,4773.29
O01319,C271,P003,2026-06-10,1,1604.77,Completed,1604.77
O01320,C306,P004,2026-07-18,1,5723.82,Completed,5723.82
O01321,C313,P033,2026-07-20,3,2896.4,Cancelled,8689.2
O01322,C301,P017,2026-02-28,2,6203.54,Completed,12407.08
O01323,C179,P039,2026-06-30,1,610.99,Completed,610.99
O01324,C235,P012,2026-03-30,1,2085.26,Completed,2085.26
O01325,C345,P023,2026-06-02,1,3447.6,Cancelled,3447.6
O01326,C315,P025,2026-02-13,1,1054.56,Completed,1054.56
O01327,C345,P020,2026-03-10,1,1820.46,Cancelled,1820.46
O01328,C161,P019,2026-03-02,1,849.29,Completed,849.29
O01329,C123,P040,2026-06-06,2,933.0,Completed,1866.0
O01330,C060,P011,2026-04-04,1,918.48,Completed,918.48
O01331,C192,P017,2026-03-14,1,6203.54,Completed,6203.54
O01332,C262,P019,2026-07-18,1,849.29,Completed,849.29
O01333,C215,P008,2026-03-12,2,1763.75,Completed,3527.5
O01334,C295,P021,2026-07-16,1,3572.03,Completed,3572.03
O01335,C217,P026,2026-04-06,2,1994.05,Completed,3988.1
O01336,C250,P022,2026-03-30,1,5974.06,Cancelled,5974.06
O01337,C285,P025,2026-03-27,3,1054.56,Completed,3163.68
O01338,C251,P035,2026-05-28,2,6423.94,Completed,12847.88
O01339,C072,P034,2026-04-06,1,5352.74,Completed,5352.74
O01340,C162,P002,2026-08-19,2,2814.37,Cancelled,5628.74
O01341,C318,P021,2026-01-28,1,3572.03,Completed,3572.03
O01342,C184,P023,2026-01-05,1,3447.6,Completed,3447.6
O01343,C249,P011,2026-03-11,1,918.48,Completed,918.48
O01344,C100,P003,2026-07-16,1,1604.77,Completed,1604.77
O01345,C288,P009,2026-09-16,1,2813.88,Completed,2813.88
O01346,C335,P013,2026-09-11,1,4011.81,Completed,4011.81
O01347,C210,P023,2026-09-09,2,3447.6,Completed,6895.2
O01348,C213,P030,2026-08-16,1,2586.92,Completed,2586.92
O01349,C251,P004,2026-03-27,1,5723.82,Completed,5723.82
O01350,C043,P018,2026-01-16,1,2068.89,Completed,2068.89
O01351,C390,P014,2026-04-23,3,3682.56,Pending,11047.68
O01352,C150,P031,2026-01-17,1,1648.21,Completed,1648.21
O01353,C141,P021,2026-04-26,1,3572.03,Completed,3572.03
O01354,C276,P011,2026-05-28,1,918.48,Pending,918.48
O01355,C087,P031,2026-08-23,3,1648.21,Cancelled,4944.63
O01356,C290,P027,2026-09-11,3,2263.36,Completed,6790.08
O01357,C282,P022,2026-09-19,2,5974.06,Completed,11948.12
O01358,C058,P013,2026-02-28,1,4011.81,Cancelled,4011.81
O01359,C138,P040,2026-07-07,1,933.0,Pending,933.0
O01360,C278,P018,2026-01-22,1,2068.89,Completed,2068.89
O01361,C390,P002,2026-08-14,2,2814.37,Completed,5628.74
O01362,C280,P011,2026-04-22,3,918.48,Completed,2755.44
O01363,C218,P010,2026-02-22,1,1739.65,Completed,1739.65
O01364,C377,P021,2026-05-07,3,3572.03,Completed,10716.09
O01365,C153,P032,2026-01-17,1,1798.36,Completed,1798.36
O01366,C231,P018,2026-05-15,2,2068.89,Completed,4137.78
O01367,C179,P014,2026-02-14,1,3682.56,Completed,3682.56
O01368,C225,P004,2026-03-02,1,5723.82,Completed,5723.82
O01369,C398,P029,2026-05-02,1,1836.7,Completed,1836.7
O01370,C108,P010,2026-06-29,1,1739.65,Completed,1739.65
O01371,C364,P037,2026-08-08,1,5429.68,Completed,5429.68
O01372,C085,P019,2026-03-13,1,849.29,Completed,849.29
O01373,C106,P023,2026-04-16,1,3447.6,Completed,3447.6
O01374,C031,P036,2026-06-29,2,1134.61,Completed,2269.22
O01375,C273,P010,2026-05-24,1,1739.65,Completed,1739.65
O01376,C306,P015,2026-03-28,1,639.35,Pending,639.35
O01377,C166,P015,2026-05-30,1,639.35,Completed,639.35
O01378,C149,P016,2026-05-17,1,1011.57,Completed,1011.57
O01379,C264,P027,2026-02-18,1,2263.36,Pending,2263.36
O01380,C070,P024,2026-07-30,1,2792.31,Completed,2792.31
O01381,C031,P005,2026-05-22,2,2624.22,Completed,5248.44
O01382,C336,P027,2026-03-06,1,2263.36,Pending,2263.36
O01383,C360,P003,2026-03-09,2,1604.77,Completed,3209.54
O01384,C128,P025,2026-03-16,2,1054.56,Completed,2109.12
O01385,C365,P037,2026-06-14,2,5429.68,Completed,10859.36
O01386,C127,P024,2026-07-21,2,2792.31,Completed,5584.62
O01387,C251,P036,2026-03-14,4,1134.61,Completed,4538.44
O01388,C296,P034,2026-05-18,2,5352.74,Cancelled,10705.48
O01389,C322,P028,2026-08-01,2,3265.62,Completed,6531.24
O01390,C193,P039,2026-08-20,1,610.99,Completed,610.99
O01391,C039,P010,2026-02-17,3,1739.65,Completed,5218.95
O01392,C207,P022,2026-09-21,3,5974.06,Completed,17922.18
O01393,C384,P035,2026-05-23,3,6423.94,Completed,19271.82
O01394,C356,P017,2026-07-08,1,6203.54,Completed,6203.54
O01395,C233,P023,2026-09-07,2,3447.6,Cancelled,6895.2
O01396,C168,P026,2026-01-02,3,1994.05,Completed,5982.15
O01397,C397,P003,2026-02-17,2,1604.77,Completed,3209.54
O01398,C375,P021,2026-08-23,3,3572.03,Completed,10716.09
O01399,C326,P005,2026-07-03,1,2624.22,Completed,2624.22
O01400,C033,P039,2026-07-23,4,610.99,Completed,2443.96
